"movie_id"	"one"	"two"	"three"	"four"	"five"	"six"	"seven"	"eight"	"nine"	"ten"	"mean"	"median"
"tt7734218"	1	628	887	1	3	6	5	2	827	1	0.0	0.0
"tt5816682"	428	137	310	672	1	5	9	5	1	1	0.0	0.0
"tt4799050"	2	1	2	5	9	9	5	2	767	1	0.0	0.0
"tt2274648"	3	2	4	7	11	12	8	3	1	2	0.0	0.0
"tt4131800"	375	110	158	275	515	807	829	622	362	1	0.0	0.0
"tt4530422"	1	662	1	2	6	15	22	12	3	3	0.0	0.0
"tt4463894"	720	435	709	1	3	8	9	4	1	2	0.0	0.0
"tt3521126"	1	528	802	1	4	14	36	37	13	8	0.0	0.0
"tt7329656"	661	540	814	1	2	1	1	509	170	508	0.0	0.0
"tt5776858"	1	753	1	2	4	11	22	25	14	9	0.0	0.0
"tt6421110"	559	406	628	1	1	1	723	397	156	575	0.0	0.0
"tt2072233"	854	780	1	2	5	7	4	1	532	1	0.0	0.0
"tt1308728"	1	951	1	2	3	4	3	1	565	1	0.0	0.0
"tt6003368"	1	462	533	719	847	753	524	303	138	423	0.0	0.0
"tt6324278"	652	87	125	202	572	1	2	2	945	1	0.0	0.0
"tt1025100"	1	1	1	2	5	8	6	2	1	1	0.0	0.0
"tt7690670"	580	233	317	474	873	891	756	416	177	596	0.0	0.0
"tt4287320"	3	3	5	9	17	18	10	4	1	1	0.0	0.0
"tt1946502"	413	242	295	491	661	625	382	223	100	381	0.0	0.0
"tt9024106"	2	239	88	91	133	207	349	549	702	6	0.0	0.0
"tt1206885"	1	787	1	2	4	6	8	5	2	5	0.0	0.0
"tt0493405"	1	922	1	2	5	10	9	4	1	2	0.0	0.0
"tt3829920"	265	146	237	400	1	3	12	16	7	6	0.0	0.0
"tt6628394"	1	656	1	2	6	17	34	28	9	5	0.0	0.0
"tt5109784"	15	5	6	8	13	20	31	32	18	17	0.0	0.0
"tt5691024"	1	278	332	319	361	297	190	140	68	481	0.0	0.0
"tt5208252"	488	197	261	662	2	6	8	3	934	823	0.0	0.0
"tt7388562"	331	89	109	234	511	863	1	871	567	1	0.0	0.0
"tt7284204"	121	65	120	178	395	496	306	106	35	138	0.0	0.0
"tt1966359"	532	492	854	1	3	4	2	871	264	472	0.0	0.0
"tt5688932"	1	721	977	1	3	7	12	11	4	3	0.0	0.0
"tt1730768"	1	432	316	666	1	5	11	7	2	2	0.0	0.0
"tt5270948"	234	95	143	348	1	2	3	1	381	531	0.0	0.0
"tt7752126"	1	1	1	3	7	13	13	6	2	2	0.0	0.0
"tt2378507"	385	137	234	482	1	3	7	6	2	2	0.0	0.0
"tt8637428"	267	64	96	169	374	1	3	5	2	1	0.0	0.0
"tt2039338"	1	1	2	4	8	9	5	2	694	1	0.0	0.0
"tt6811018"	414	204	387	796	1	3	2	1	370	542	0.0	0.0
"tt5390504"	1	265	326	641	1	4	13	13	4	2	0.0	0.0
"tt6348138"	157	80	127	302	819	2	3	1	559	624	0.0	0.0
"tt2328900"	1	571	828	1	3	8	8	4	1	1	0.0	0.0
"tt4103724"	235	166	253	467	1	2	2	1	1	1	0.0	0.0
"tt1571234"	1	1	3	6	12	22	20	10	3	4	0.0	0.0
"tt1846589"	847	467	821	1	3	8	12	7	3	3	0.0	0.0
"tt6107548"	521	202	261	513	1	3	4	2	774	826	0.0	0.0
"tt5941692"	351	144	237	486	987	1	1	571	204	477	0.0	0.0
"tt7125860"	806	294	449	845	2	4	8	8	3	2	0.0	0.0
"tt4504044"	490	345	615	1	3	4	3	1	501	729	0.0	0.0
"tt5177088"	1	594	1	2	4	9	8	3	1	1	0.0	0.0
"tt5734576"	696	633	1	2	3	3	1	811	295	724	0.0	0.0
"tt6113488"	826	161	175	238	494	743	996	953	662	1	0.0	0.0
"tt5322012"	1	1	1	1	3	3	2	885	320	725	0.0	0.0
"tt4695012"	4	2	3	5	9	15	16	10	3	1	0.0	0.0
"tt5125894"	166	66	86	171	357	503	481	243	100	175	0.0	0.0
"tt7014006"	772	361	535	999	2	5	13	14	7	4	0.0	0.0
"tt4899370"	319	80	139	269	978	3	6	4	1	2	0.0	0.0
"tt4364194"	239	76	77	145	438	1	4	6	4	3	0.0	0.0
"tt4073790"	1	701	1	2	4	5	4	2	1	2	0.0	0.0
"tt4622512"	762	339	461	1	3	10	17	7	1	1	0.0	0.0
"tt1691916"	693	468	830	1	4	10	10	5	2	3	0.0	0.0
"tt4126476"	1	1	1	1	2	3	2	1	995	4	0.0	0.0
"tt5822564"	763	298	408	626	1	1	1	542	201	333	0.0	0.0
"tt6000478"	427	181	390	985	2	7	7	3	979	1	0.0	0.0
"tt8266310"	340	114	140	272	626	1	2	2	905	800	0.0	0.0
"tt2837574"	375	239	372	976	2	7	11	5	1	1	0.0	0.0
"tt3462710"	726	621	853	1	2	2	1	650	234	507	0.0	0.0
"tt1999890"	451	388	731	1	2	2	1	813	259	529	0.0	0.0
"tt3289724"	456	290	479	900	1	3	3	1	625	691	0.0	0.0
"tt5592248"	1	732	1	2	6	12	12	5	1	1	0.0	0.0
"tt2639336"	524	374	631	1	2	5	4	1	529	689	0.0	0.0
"tt5427194"	108	42	83	173	396	755	908	562	240	487	0.0	0.0
"tt4807408"	239	37	35	87	207	661	1	1	448	519	0.0	0.0
"tt5301662"	292	76	84	165	524	1	5	4	1	1	0.0	0.0
"tt5461944"	973	145	169	328	885	2	9	12	5	4	0.0	0.0
"tt3750872"	285	131	237	481	1	3	9	8	2	1	0.0	0.0
"tt4799066"	404	300	410	832	1	3	4	2	1	3	0.0	0.0
"tt2776878"	430	90	138	299	957	2	3	1	468	690	0.0	0.0
"tt9019352"	197	55	53	53	62	57	46	33	14	68	0.0	0.0
"tt5610554"	609	289	466	983	2	8	16	10	3	1	0.0	0.0
"tt2365580"	151	72	116	215	547	1	1	902	360	371	0.0	0.0
"tt5670152"	647	530	673	1	1	2	2	1	1	4	0.0	0.0
"tt4595882"	379	183	280	555	1	6	13	9	2	1	0.0	0.0
"tt4761916"	907	499	722	1	2	3	3	1	681	954	0.0	0.0
"tt6476140"	1	1	1	2	5	5	4	2	769	1	0.0	0.0
"tt4701724"	327	265	454	1	2	5	4	1	436	640	0.0	0.0
"tt2924392"	204	130	154	207	247	167	111	92	237	836	0.0	0.0
"tt4686844"	2	1	1	1	3	8	19	19	7	4	0.0	0.0
"tt3922818"	788	678	1	2	4	9	11	6	2	3	0.0	0.0
"tt7153766"	868	552	879	1	4	8	10	4	1	1	0.0	0.0
"tt5952138"	188	113	185	350	699	780	624	316	118	213	0.0	0.0
"tt1226837"	346	134	259	570	1	4	11	11	4	3	0.0	0.0
"tt5613484"	397	158	248	475	1	3	9	10	4	2	0.0	0.0
"tt5804314"	664	105	55	64	93	124	139	172	166	707	0.0	0.0
"tt5929750"	427	238	347	588	1	1	1	931	354	418	0.0	0.0
"tt7365604"	125	50	96	194	400	743	769	413	175	326	0.0	0.0
"tt7008872"	683	186	237	532	1	4	8	5	1	1	0.0	0.0
"tt3262342"	172	110	164	358	1	3	8	14	8	7	0.0	0.0
"tt5834262"	599	504	985	2	5	11	8	3	825	996	0.0	0.0
"tt1758810"	2	2	4	6	11	12	7	2	809	1	0.0	0.0
"tt8695030"	2	1	2	3	5	6	5	2	889	1	0.0	0.0
"tt5709188"	479	363	540	929	1	1	1	515	233	768	0.0	0.0
"tt3201736"	83	35	35	54	82	135	118	110	77	238	0.0	0.0
"tt1230168"	160	74	107	180	463	875	1	824	432	736	0.0	0.0
"tt7339792"	135	59	76	106	234	281	262	181	123	294	0.0	0.0
"tt5360952"	962	871	1	2	3	3	2	816	327	752	0.0	0.0
"tt7026672"	385	196	356	681	1	3	4	2	878	1	0.0	0.0
"tt5721088"	505	439	589	975	1	787	363	133	56	209	0.0	0.0
"tt3892172"	406	280	455	891	2	6	11	10	4	2	0.0	0.0
"tt5968394"	935	639	960	1	3	5	5	3	9	9	0.0	0.0
"tt5649144"	979	671	804	1	2	7	18	25	13	6	0.0	0.0
"tt4663548"	97	31	38	61	152	276	241	183	93	193	0.0	0.0
"tt0491175"	1	1	1	3	6	8	6	2	849	995	0.0	0.0
"tt6652708"	910	120	121	133	159	197	217	191	140	710	0.0	0.0
"tt6017942"	421	251	489	892	1	2	2	1	357	669	0.0	0.0
"tt6902696"	277	156	221	341	781	1	1	1	314	238	0.0	0.0
"tt3385524"	158	74	152	328	1	3	8	6	2	1	0.0	0.0
"tt5437928"	320	115	187	373	1	3	5	2	880	798	0.0	0.0
"tt6495770"	427	388	660	1	1	1	939	403	136	458	0.0	0.0
"tt4669264"	495	139	241	514	1	4	5	2	488	610	0.0	0.0
"tt3721964"	492	333	615	1	3	7	6	2	578	722	0.0	0.0
"tt6423362"	211	95	157	225	516	664	528	300	135	253	0.0	0.0
"tt6951892"	687	290	324	448	536	412	288	209	109	464	0.0	0.0
"tt6803212"	124	41	55	108	258	399	379	236	130	200	0.0	0.0
"tt3361792"	207	123	196	501	1	3	5	3	1	1	0.0	0.0
"tt4353250"	226	80	96	152	262	589	1	1	959	672	0.0	0.0
"tt6921996"	707	705	1	3	7	15	13	5	1	3	0.0	0.0
"tt1801552"	1	814	961	1	2	2	1	551	254	945	0.0	0.0
"tt7242142"	464	166	251	417	992	2	5	5	3	1	0.0	0.0
"tt3920820"	93	12	19	27	48	154	252	211	104	201	0.0	0.0
"tt4572792"	478	441	620	845	1	3	5	3	1	2	0.0	0.0
"tt3881784"	329	173	283	654	2	6	13	7	2	1	0.0	0.0
"tt5989218"	423	256	289	473	826	1	2	2	1	2	0.0	0.0
"tt5655222"	126	92	128	256	819	1	2	1	357	433	0.0	0.0
"tt4154916"	911	1	1	2	4	6	3	1	634	1	0.0	0.0
"tt6170804"	56	33	76	96	191	155	74	42	22	115	0.0	0.0
"tt7545524"	264	108	172	388	1	3	4	2	780	703	0.0	0.0
"tt3722234"	300	76	77	97	232	462	613	414	418	1	0.0	0.0
"tt1412528"	479	518	1	2	4	6	4	2	765	977	0.0	0.0
"tt6574272"	324	235	325	591	1	1	694	343	119	237	0.0	0.0
"tt6512428"	114	34	27	49	75	123	108	97	64	231	0.0	0.0
"tt7935892"	9	1	1	1	8	6	31	74	35	25	0.0	0.0
"tt6511932"	1	692	826	1	1	2	2	1	490	679	0.0	0.0
"tt6108178"	686	246	336	753	1	4	5	3	1	1	0.0	0.0
"tt6848602"	180	77	88	138	159	124	83	74	18	120	0.0	0.0
"tt6053438"	926	476	754	1	2	5	9	9	4	2	0.0	0.0
"tt5607096"	222	92	189	435	1	3	4	2	703	532	0.0	0.0
"tt3203528"	271	190	315	682	1	3	4	2	806	898	0.0	0.0
"tt5466186"	797	300	433	812	1	3	2	932	303	466	0.0	0.0
"tt4971344"	547	314	525	977	2	7	14	10	2	1	0.0	0.0
"tt5962210"	447	288	530	1	2	6	9	5	1	1	0.0	0.0
"tt6212478"	385	176	306	738	1	5	11	7	2	1	0.0	0.0
"tt5702446"	92	26	21	51	61	93	82	74	56	149	0.0	0.0
"tt5649108"	532	302	497	1	2	5	8	5	1	1	0.0	0.0
"tt4411596"	331	252	492	1	2	5	3	1	346	433	0.0	0.0
"tt6054650"	179	28	16	32	54	67	58	103	56	276	0.0	0.0
"tt5742374"	2	1	1	3	7	14	22	18	7	4	0.0	0.0
"tt1034415"	2	969	1	2	3	7	10	9	5	4	0.0	0.0
"tt0491203"	305	220	461	938	2	4	4	2	673	830	0.0	0.0
"tt6217608"	168	73	109	205	547	1	2	3	1	908	0.0	0.0
"tt7339248"	400	197	285	500	1	2	4	2	856	596	0.0	0.0
"tt7158430"	121	48	88	176	522	1	2	1	524	419	0.0	0.0
"tt6938828"	291	196	319	595	1	3	6	4	1	1	0.0	0.0
"tt1139592"	2	1	2	2	2	1	738	724	336	950	0.0	0.0
"tt5770620"	141	77	90	198	416	810	704	354	97	93	0.0	0.0
"tt5884230"	336	222	361	634	1	3	4	2	737	595	0.0	0.0
"tt6933454"	96	40	66	157	330	923	1	908	280	254	0.0	0.0
"tt4846232"	818	468	710	1	3	7	15	17	7	4	0.0	0.0
"tt5639354"	592	162	230	405	988	2	5	5	2	1	0.0	0.0
"tt7074886"	192	93	172	469	1	3	2	772	156	243	0.0	0.0
"tt6205872"	839	446	511	821	1	2	2	1	672	810	0.0	0.0
"tt4218696"	804	345	535	1	2	6	5	2	614	864	0.0	0.0
"tt7589322"	-1	-1	-1	-1	-1	-1	-1	-1	-1	-1	0.0	0.0
"tt5023260"	115	60	95	210	591	1	1	1	486	604	0.0	0.0
"tt7616148"	170	54	79	132	283	685	1	806	300	267	0.0	0.0
"tt8174450"	56	9	7	4	9	18	10	17	23	67	0.0	0.0
"tt6333086"	96	19	24	64	128	364	459	250	107	96	0.0	0.0
"tt5319866"	118	49	47	42	74	75	58	96	250	426	0.0	0.0
"tt8267604"	454	81	122	211	449	985	3	8	9	9	0.0	0.0
"tt5666304"	633	447	725	1	2	4	3	1	523	732	0.0	0.0
"tt2368254"	426	137	177	362	935	2	4	2	816	773	0.0	0.0
"tt5977276"	199	131	218	457	1	2	2	1	497	582	0.0	0.0
"tt6265828"	2	1	1	2	3	6	10	10	6	4	0.0	0.0
"tt6133130"	433	150	212	385	1	2	6	4	2	1	0.0	0.0
"tt5342904"	94	42	48	67	111	128	99	84	64	151	0.0	0.0
"tt7137380"	734	409	690	1	2	5	4	2	774	736	0.0	0.0
"tt4975920"	127	80	120	317	821	1	917	337	109	259	0.0	0.0
"tt4995790"	871	541	691	1	2	5	12	13	6	2	0.0	0.0
"tt7985692"	111	39	53	109	271	464	447	265	81	121	0.0	0.0
"tt6288124"	205	96	161	401	1	3	6	3	1	791	0.0	0.0
"tt5825380"	533	282	570	1	3	5	5	2	753	908	0.0	0.0
"tt7374952"	69	30	36	52	110	126	91	42	22	126	0.0	0.0
"tt6495094"	164	37	41	58	87	91	69	55	35	103	0.0	0.0
"tt2291540"	316	211	367	794	1	3	3	1	383	628	0.0	0.0
"tt3203620"	910	604	743	1	1	944	597	339	121	285	0.0	0.0
"tt4682136"	112	74	97	195	431	638	430	177	121	118	0.0	0.0
"tt5779372"	179	73	117	193	356	485	363	234	169	321	0.0	0.0
"tt6998518"	2	1	1	2	4	7	10	9	4	4	0.0	0.0
"tt5645932"	33	6	7	15	14	19	36	32	27	105	0.0	0.0
"tt6920356"	258	134	162	275	439	723	828	799	393	244	0.0	0.0
"tt5208216"	302	212	287	529	1	1	1	1	503	791	0.0	0.0
"tt5929754"	277	139	221	538	1	3	5	3	1	783	0.0	0.0
"tt5990474"	214	134	199	289	738	1	3	3	1	884	0.0	0.0
"tt4274656"	42	21	19	24	35	40	33	13	8	60	0.0	0.0
"tt7048622"	192	44	74	107	284	872	2	4	2	1	0.0	0.0
"tt1724970"	712	688	1	2	3	3	2	1	323	851	0.0	0.0
"tt6957966"	319	259	355	656	1	1	1	715	294	658	0.0	0.0
"tt6018306"	270	150	205	471	1	4	6	4	1	1	0.0	0.0
"tt5859238"	152	90	139	267	754	1	4	4	2	1	0.0	0.0
"tt8820136"	4	1	1	0	0	0	0	0	2	5	0.0	0.0
"tt5737862"	123	61	75	162	362	953	1	532	169	150	0.0	0.0
"tt6257174"	473	151	210	489	1	3	4	2	904	921	0.0	0.0
"tt8593814"	3	0	0	1	0	1	1	6	4	38	0.0	0.0
"tt6495388"	28	7	5	9	14	19	30	32	23	98	0.0	0.0
"tt6288250"	1	307	131	204	456	1	2	1	605	561	0.0	0.0
"tt2482856"	41	16	20	12	4	5	2	6	0	13	0.0	0.0
"tt5175450"	190	85	199	392	1	2	3	1	375	456	0.0	0.0
"tt7370952"	31	6	13	16	27	26	27	15	17	38	0.0	0.0
"tt9075778"	45	4	7	7	13	11	17	15	15	55	0.0	0.0
"tt5960374"	697	427	603	1	1	2	2	1	561	544	0.0	0.0
"tt4602066"	141	59	134	285	828	1	1	616	181	231	0.0	0.0
"tt5686062"	563	69	57	106	211	229	202	108	61	222	0.0	0.0
"tt1781058"	217	202	384	741	1	2	1	790	273	297	0.0	0.0
"tt5160938"	276	105	188	376	868	1	965	410	137	281	0.0	0.0
"tt0460890"	206	138	244	477	1	2	2	1	538	594	0.0	0.0
"tt9896916"	49	11	10	15	17	8	15	22	31	94	0.0	0.0
"tt9376172"	49	11	10	20	27	38	54	54	67	331	0.0	0.0
"tt2690226"	30	14	17	28	66	121	179	127	57	53	0.0	0.0
"tt4513316"	142	43	37	105	283	696	1	595	192	234	0.0	0.0
"tt3294746"	103	40	52	73	175	381	484	363	168	266	0.0	0.0
"tt5805752"	145	77	143	242	608	1	4	4	1	1	0.0	0.0
"tt5176580"	31	8	21	22	27	52	77	69	21	43	0.0	0.0
"tt6040662"	150	71	101	282	700	2	2	1	528	448	0.0	0.0
"tt7689906"	203	19	27	85	212	301	263	167	61	140	0.0	0.0
"tt6303866"	353	161	297	597	1	2	2	1	494	440	0.0	0.0
"tt2062700"	1	767	1	1	2	2	2	1	849	1	0.0	0.0
"tt6483364"	154	88	141	309	720	1	1	459	689	854	0.0	0.0
"tt7984734"	346	199	172	256	486	990	2	4	4	4	0.0	0.0
"tt6261048"	35	14	10	16	16	32	35	38	35	124	0.0	0.0
"tt7461200"	399	124	178	295	557	649	545	250	110	197	0.0	0.0
"tt7681824"	110	25	48	88	227	488	819	709	309	235	0.0	0.0
"tt5431890"	140	50	52	88	278	984	2	2	943	807	0.0	0.0
"tt4068576"	273	103	107	174	353	843	1	1	888	720	0.0	0.0
"tt5226984"	154	39	36	139	306	864	1	1	370	286	0.0	0.0
"tt4986134"	142	41	93	213	563	1	2	1	457	543	0.0	0.0
"tt6343058"	61	16	27	66	196	446	825	486	138	158	0.0	0.0
"tt4217392"	565	358	587	879	1	1	1	416	186	757	0.0	0.0
"tt8769848"	57	31	26	72	145	187	119	72	31	56	0.0	0.0
"tt7778680"	96	34	37	78	169	362	635	543	245	310	0.0	0.0
"tt6705860"	39	11	14	31	60	127	179	118	60	48	0.0	0.0
"tt4064912"	31	6	6	10	11	7	6	12	19	66	0.0	0.0
"tt4154796"	16	2	3	5	12	26	61	106	128	252	0.0	0.0
"tt1825683"	18	5	7	12	27	64	130	134	70	83	0.0	0.0
"tt4154756"	12	2	3	4	10	27	73	147	184	264	0.0	0.0
"tt2527336"	33	11	14	17	31	57	99	103	62	56	0.0	0.0
"tt3606756"	1	631	937	2	6	20	55	70	35	26	0.0	0.0
"tt6105098"	4	1	2	4	9	20	37	30	14	18	0.0	0.0
"tt2771200"	5	2	3	6	14	34	63	55	28	36	0.0	0.0
"tt1979376"	1	393	536	1	3	9	27	43	28	21	0.0	0.0
"tt4154664"	25	5	6	10	22	54	101	79	32	42	0.0	0.0
"tt4881806"	5	4	7	14	31	60	60	28	9	13	0.0	0.0
"tt0451279"	9	3	5	10	23	54	115	133	76	75	0.0	0.0
"tt2283362"	2	1	2	5	16	47	89	57	20	21	0.0	0.0
"tt3896198"	4	1	3	6	16	49	124	159	84	64	0.0	0.0
"tt6320628"	2	929	1	2	7	22	57	75	39	31	0.0	0.0
"tt6139732"	4	1	2	3	8	21	42	38	17	20	0.0	0.0
"tt1477834"	5	3	6	10	21	44	77	70	34	39	0.0	0.0
"tt2250912"	6	2	3	6	16	47	129	142	60	47	0.0	0.0
"tt1396484"	7	3	5	9	21	48	100	111	56	46	0.0	0.0
"tt5463162"	3	1	2	4	11	37	98	132	73	60	0.0	0.0
"tt3501632"	5	2	2	5	12	35	99	164	108	86	0.0	0.0
"tt2709692"	950	521	950	1	4	9	8	4	1	2	0.0	0.0
"tt3469046"	1	1	2	4	13	30	27	10	3	4	0.0	0.0
"tt0974015"	10	5	10	18	38	70	83	50	21	38	0.0	0.0
"tt3315342"	4	1	2	5	12	34	95	163	142	125	0.0	0.0
"tt4630562"	5	2	4	7	16	34	50	33	13	21	0.0	0.0
"tt4912910"	1	856	1	2	6	20	56	79	48	35	0.0	0.0
"tt5095030"	2	1	2	4	14	42	96	67	20	17	0.0	0.0
"tt1727824"	3	1	2	4	10	24	59	103	93	93	0.0	0.0
"tt1517451"	4	1	2	4	10	25	55	76	52	54	0.0	0.0
"tt3778644"	6	2	3	6	15	40	79	56	19	17	0.0	0.0
"tt1270797"	4	3	6	11	26	56	88	59	23	34	0.0	0.0
"tt2380307"	1	563	713	1	3	12	39	84	84	80	0.0	0.0
"tt5848272"	1	702	1	2	6	17	35	25	9	7	0.0	0.0
"tt7349950"	3	1	3	5	11	24	35	24	9	10	0.0	0.0
"tt7286456"	6	1	1	2	5	13	37	85	135	222	0.0	0.0
"tt4633694"	3	770	898	1	3	9	32	72	83	72	0.0	0.0
"tt5013056"	6	3	4	7	15	39	91	138	106	77	0.0	0.0
"tt6644200"	4	2	3	6	13	33	77	101	54	39	0.0	0.0
"tt5052448"	5	2	3	5	12	34	97	143	77	49	0.0	0.0
"tt4116284"	922	520	911	1	5	16	37	34	13	10	0.0	0.0
"tt6857112"	7	3	4	6	12	25	41	37	16	11	0.0	0.0
"tt3874544"	2	1	2	4	12	24	25	13	4	7	0.0	0.0
"tt3104988"	2	1	1	3	7	17	32	24	10	11	0.0	0.0
"tt1485796"	2	1	2	3	8	18	37	49	34	51	0.0	0.0
"tt1790809"	3	2	5	10	23	50	67	38	14	22	0.0	0.0
"tt5028340"	1	847	1	2	5	11	16	12	5	6	0.0	0.0
"tt6146586"	2	1	2	3	8	19	43	54	31	32	0.0	0.0
"tt3731562"	3	2	4	9	23	57	81	42	12	12	0.0	0.0
"tt5220122"	823	601	1	2	6	13	11	5	1	3	0.0	0.0
"tt6806448"	2	1	2	4	9	21	27	25	10	13	0.0	0.0
"tt2386490"	492	209	411	866	2	8	21	22	10	11	0.0	0.0
"tt4123430"	3	2	4	8	18	39	51	31	12	15	0.0	0.0
"tt1502407"	2	1	2	5	10	20	26	17	6	8	0.0	0.0
"tt5113040"	419	307	570	1	3	8	9	4	1	2	0.0	0.0
"tt3606752"	1	450	898	1	5	13	20	11	4	5	0.0	0.0
"tt3450958"	2	1	2	3	9	24	54	62	28	20	0.0	0.0
"tt5884052"	1	906	1	3	9	23	33	18	6	7	0.0	0.0
"tt4779682"	3	3	6	12	24	34	23	9	3	6	0.0	0.0
"tt0448115"	3	1	2	4	11	29	58	48	18	19	0.0	0.0
"tt5164214"	6	2	3	7	18	41	41	19	6	8	0.0	0.0
"tt1677720"	3	1	3	6	13	33	75	93	49	41	0.0	0.0
"tt7131622"	6	2	3	4	9	20	46	75	56	45	0.0	0.0
"tt2543472"	515	216	374	777	2	6	21	38	24	23	0.0	0.0
"tt3371366"	10	6	9	13	22	24	16	8	3	9	0.0	0.0
"tt4701182"	1	1	1	3	8	21	34	22	7	8	0.0	0.0
"tt6911608"	1	1	1	2	5	11	15	11	5	8	0.0	0.0
"tt5814060"	5	4	7	11	20	22	14	7	2	6	0.0	0.0
"tt6343314"	1	417	734	1	4	13	27	22	8	8	0.0	0.0
"tt5117670"	761	384	547	1	2	6	8	4	1	2	0.0	0.0
"tt3564472"	1	747	989	1	3	5	6	4	2	3	0.0	0.0
"tt3861390"	1	773	1	2	6	13	13	6	2	3	0.0	0.0
"tt4465564"	12	5	7	9	12	11	7	5	2	10	0.0	0.0
"tt6823368"	3	2	3	7	16	34	48	32	12	12	0.0	0.0
"tt3741700"	3	2	4	7	13	21	21	12	5	8	0.0	0.0
"tt1987680"	2	358	434	707	1	4	9	7	3	4	0.0	0.0
"tt3890160"	3	1	3	5	13	38	95	122	65	40	0.0	0.0
"tt3513498"	607	383	628	1	3	10	13	7	2	2	0.0	0.0
"tt4765284"	1	996	2	4	8	13	9	4	1	3	0.0	0.0
"tt5657846"	1	1	1	3	8	15	11	5	1	2	0.0	0.0
"tt7959026"	638	434	703	1	4	14	30	19	5	4	0.0	0.0
"tt3402236"	2	1	3	7	20	47	58	28	9	9	0.0	0.0
"tt5140878"	1	1	2	4	10	22	29	16	5	7	0.0	0.0
"tt3766354"	870	601	1	2	9	25	37	18	6	7	0.0	0.0
"tt2231461"	2	1	3	7	18	34	29	12	4	10	0.0	0.0
"tt1620680"	7	3	4	5	5	4	2	1	796	2	0.0	0.0
"tt4477536"	7	3	4	5	6	6	4	2	1	5	0.0	0.0
"tt4649466"	3	2	4	8	20	48	79	46	16	15	0.0	0.0
"tt4575576"	514	271	443	1	2	8	16	15	6	7	0.0	0.0
"tt2066051"	1	446	685	1	3	9	21	24	11	8	0.0	0.0
"tt1856101"	6	3	4	6	13	29	64	106	95	73	0.0	0.0
"tt4425200"	2	1	2	4	12	33	80	92	46	45	0.0	0.0
"tt4877122"	22	4	3	3	4	3	2	1	642	4	0.0	0.0
"tt0437086"	1	908	1	3	7	19	42	48	24	25	0.0	0.0
"tt3717490"	3	2	3	7	14	22	20	10	4	8	0.0	0.0
"tt6966692"	1	464	605	1	3	9	36	87	77	48	0.0	0.0
"tt3411444"	419	267	559	1	3	9	12	7	2	3	0.0	0.0
"tt6450186"	492	129	191	249	487	994	1	2	1	4	0.0	0.0
"tt6182908"	351	198	336	847	2	6	8	4	1	2	0.0	0.0
"tt6294822"	1	604	923	1	5	16	40	32	10	5	0.0	0.0
"tt5503686"	2	587	740	1	2	6	7	4	1	2	0.0	0.0
"tt2345759"	6	5	10	17	33	41	26	9	3	6	0.0	0.0
"tt2283336"	3	2	3	6	14	21	14	5	1	3	0.0	0.0
"tt6781982"	1	809	1	2	5	7	4	2	721	1	0.0	0.0
"tt1959563"	1	931	1	4	11	30	57	37	13	12	0.0	0.0
"tt2316204"	6	4	7	12	26	54	67	34	10	11	0.0	0.0
"tt2091256"	663	426	720	1	3	5	5	2	914	1	0.0	0.0
"tt8350360"	1	1	1	3	6	10	8	4	1	2	0.0	0.0
"tt7054636"	640	213	204	273	341	293	237	164	94	440	0.0	0.0
"tt6359956"	1	1	1	3	7	8	5	2	1	1	0.0	0.0
"tt6133466"	3	1	3	5	10	10	5	2	848	1	0.0	0.0
"tt2704998"	1	981	1	3	10	33	63	38	11	10	0.0	0.0
"tt7343762"	1	394	545	1	2	6	9	5	2	2	0.0	0.0
"tt6857166"	660	424	681	1	2	5	4	2	1	1	0.0	0.0
"tt2119543"	876	617	1	2	6	11	8	3	1	1	0.0	0.0
"tt5758778"	2	1	3	7	16	25	17	7	2	5	0.0	0.0
"tt5726086"	1	1	2	4	9	12	7	3	1	2	0.0	0.0
"tt7401588"	477	235	391	733	2	7	18	17	6	7	0.0	0.0
"tt6189022"	759	419	754	1	3	8	10	5	1	2	0.0	0.0
"tt6565702"	5	3	5	9	19	29	22	9	3	5	0.0	0.0
"tt1753383"	5	388	544	1	2	6	12	10	5	13	0.0	0.0
"tt5580390"	7	3	5	8	18	41	85	88	43	26	0.0	0.0
"tt3387520"	692	509	1	2	4	9	9	4	1	1	0.0	0.0
"tt2557478"	3	2	4	9	19	25	16	6	2	3	0.0	0.0
"tt2531344"	1	1	1	3	7	15	15	6	2	5	0.0	0.0
"tt3014284"	442	319	593	1	3	6	4	1	502	988	0.0	0.0
"tt1365519"	3	2	4	8	21	45	48	21	7	11	0.0	0.0
"tt1469304"	5	4	8	13	27	37	25	10	3	8	0.0	0.0
"tt4500922"	2	1	2	5	12	24	23	11	4	8	0.0	0.0
"tt2872518"	1	793	1	1	2	3	4	3	2	5	0.0	0.0
"tt5886046"	885	764	1	2	7	16	17	8	2	3	0.0	0.0
"tt4555426"	1	745	759	1	4	15	45	47	18	10	0.0	0.0
"tt5308322"	1	1	1	3	9	24	31	15	4	5	0.0	0.0
"tt7547410"	709	260	426	687	1	2	2	1	472	1	0.0	0.0
"tt5523010"	1	772	1	2	4	5	3	1	656	1	0.0	0.0
"tt4913966"	1	1	1	3	5	6	3	1	595	1	0.0	0.0
"tt0837563"	1	1	2	5	12	17	12	5	1	2	0.0	0.0
"tt7634968"	1	594	859	1	2	3	2	948	396	920	0.0	0.0
"tt2854926"	1	858	1	3	9	23	30	14	4	4	0.0	0.0
"tt5027774"	2	1	1	2	5	17	59	124	104	51	0.0	0.0
"tt7040874"	1	812	1	2	7	20	33	20	6	5	0.0	0.0
"tt5619332"	1	929	1	2	5	6	4	2	923	1	0.0	0.0
"tt2406566"	2	1	2	5	14	35	50	29	9	8	0.0	0.0
"tt3532216"	873	368	687	1	5	21	56	38	9	6	0.0	0.0
"tt3829266"	7	4	7	11	19	22	16	7	2	4	0.0	0.0
"tt1648190"	3	3	5	11	23	31	21	8	2	4	0.0	0.0
"tt1563742"	1	689	1	1	4	7	6	3	1	2	0.0	0.0
"tt5052474"	1	498	918	1	5	17	36	26	8	6	0.0	0.0
"tt4925292"	1	1	1	3	8	24	54	54	26	15	0.0	0.0
"tt6791096"	5	1	1	3	6	9	6	3	1	3	0.0	0.0
"tt2452244"	1	1	2	4	9	14	11	4	1	2	0.0	0.0
"tt7349662"	2	842	1	2	5	17	47	56	23	13	0.0	0.0
"tt6266538"	1	719	1	1	4	12	30	26	9	4	0.0	0.0
"tt6217804"	1	325	314	360	356	282	244	145	86	564	0.0	0.0
"tt2873282"	4	1	2	5	13	31	45	25	8	8	0.0	0.0
"tt5664636"	395	316	639	1	3	4	2	840	283	771	0.0	0.0
"tt7137846"	579	377	644	1	2	2	1	782	269	663	0.0	0.0
"tt2334871"	6	1	2	3	5	4	2	1	522	1	0.0	0.0
"tt6472976"	342	163	248	517	1	3	6	5	3	4	0.0	0.0
"tt1413492"	1	572	912	1	5	12	17	8	2	3	0.0	0.0
"tt7958736"	956	687	1	2	4	6	4	1	519	891	0.0	0.0
"tt6428676"	246	147	287	536	1	1	1	532	231	532	0.0	0.0
"tt2398241"	440	306	546	1	2	4	3	1	591	1	0.0	0.0
"tt2568862"	419	281	698	1	6	18	25	10	3	3	0.0	0.0
"tt1259528"	777	450	837	1	4	12	26	17	5	5	0.0	0.0
"tt1213641"	2	963	1	2	6	17	40	41	17	9	0.0	0.0
"tt1666185"	1	556	798	1	2	4	3	1	723	2	0.0	0.0
"tt1293847"	5	3	5	9	16	16	10	4	1	5	0.0	0.0
"tt2932536"	1	1	2	4	8	11	7	3	1	1	0.0	0.0
"tt7784604"	6	3	4	6	11	21	38	44	28	19	0.0	0.0
"tt6063050"	554	246	323	436	798	1	1	800	401	1	0.0	0.0
"tt2296777"	636	408	628	1	1	1	1	442	147	630	0.0	0.0
"tt5462602"	1	487	709	1	3	10	29	36	16	8	0.0	0.0
"tt7334528"	486	253	435	809	1	2	1	907	323	759	0.0	0.0
"tt4218572"	1	658	1	2	5	14	23	16	5	2	0.0	0.0
"tt7616798"	313	127	232	370	969	2	2	1	713	1	0.0	0.0
"tt2239822"	3	2	4	7	16	30	39	23	9	10	0.0	0.0
"tt4587656"	367	127	185	292	621	907	889	673	371	1	0.0	0.0
"tt5164432"	1	445	611	1	2	7	19	22	12	17	0.0	0.0
"tt6772950"	2	1	2	4	7	8	5	2	860	1	0.0	0.0
"tt7083526"	632	132	98	182	367	669	773	687	413	1	0.0	0.0
"tt8085790"	565	241	358	716	1	1	1	578	239	591	0.0	0.0
"tt1219827"	3	2	4	9	22	45	49	26	9	9	0.0	0.0
"tt4468740"	335	129	204	382	1	3	11	16	9	7	0.0	0.0
"tt2126357"	616	377	653	1	3	4	3	1	537	1	0.0	0.0
"tt1972591"	2	2	3	6	14	30	46	34	15	18	0.0	0.0
"tt8364368"	1	762	1	2	5	10	10	4	1	1	0.0	0.0
"tt6095472"	293	140	215	468	1	2	2	1	548	1	0.0	0.0
"tt3348730"	1	1	3	5	10	15	11	5	1	3	0.0	0.0
"tt4777008"	745	306	422	854	1	3	7	5	2	4	0.0	0.0
"tt1590193"	787	846	1	4	11	27	26	10	3	3	0.0	0.0
"tt6802308"	1	1	1	2	4	5	3	1	638	1	0.0	0.0
"tt1961175"	1	996	1	3	8	16	15	7	2	3	0.0	0.0
"tt4560436"	1	1	1	3	7	14	13	6	2	3	0.0	0.0
"tt4244998"	755	537	865	1	4	9	13	7	3	4	0.0	0.0
"tt6722030"	434	265	407	751	1	2	1	685	225	489	0.0	0.0
"tt6850820"	728	558	930	1	4	9	12	6	2	3	0.0	0.0
"tt1298644"	1	1	1	2	5	6	4	1	744	1	0.0	0.0
"tt2935510"	2	1	2	3	7	15	22	17	7	4	0.0	0.0
"tt1615160"	509	300	610	1	4	14	31	20	6	6	0.0	0.0
"tt5083738"	2	1	1	2	5	13	33	43	23	11	0.0	0.0
"tt1137450"	928	801	1	2	6	14	15	7	2	3	0.0	0.0
"tt5001718"	642	380	714	1	3	6	6	4	1	3	0.0	0.0
"tt5362988"	654	372	582	1	3	12	45	68	30	16	0.0	0.0
"tt1981128"	4	4	6	9	16	19	13	5	2	3	0.0	0.0
"tt6663582"	1	1	1	3	8	15	13	6	2	3	0.0	0.0
"tt2798920"	5	3	5	9	21	44	67	53	22	12	0.0	0.0
"tt3401882"	1	1	1	3	7	9	6	2	937	1	0.0	0.0
"tt5719748"	1	805	1	2	6	12	11	4	1	1	0.0	0.0
"tt4795124"	460	281	404	841	1	3	2	1	470	886	0.0	0.0
"tt5104604"	715	353	476	953	2	7	23	40	24	16	0.0	0.0
"tt8097306"	656	291	390	547	809	740	534	309	114	466	0.0	0.0
"tt6306064"	450	281	525	1	3	9	12	6	2	2	0.0	0.0
"tt6398184"	404	131	181	260	709	1	4	5	3	3	0.0	0.0
"tt4532826"	3	2	3	5	9	11	8	4	1	2	0.0	0.0
"tt1458169"	1	961	1	2	4	7	6	3	1	2	0.0	0.0
"tt0859635"	707	525	829	1	3	4	4	2	984	1	0.0	0.0
"tt1255919"	5	2	2	3	3	2	1	720	272	1	0.0	0.0
"tt5690360"	5	3	3	3	2	1	743	346	145	851	0.0	0.0
"tt2226597"	994	658	1	2	6	15	17	8	3	3	0.0	0.0
"tt2139881"	1	592	821	1	3	9	18	12	4	3	0.0	0.0
"tt1620981"	395	217	332	626	1	1	1	734	288	607	0.0	0.0
"tt5442430"	3	2	3	8	19	43	60	32	9	7	0.0	0.0
"tt5580036"	790	381	577	1	4	14	48	54	18	9	0.0	0.0
"tt5478478"	491	309	537	1	2	8	18	15	6	4	0.0	0.0
"tt5580266"	1	229	207	338	761	1	4	5	3	4	0.0	0.0
"tt7424200"	519	175	217	436	1	2	4	2	888	1	0.0	0.0
"tt8663516"	1	866	1	2	4	7	6	2	924	1	0.0	0.0
"tt4209788"	654	278	468	1	3	11	36	39	13	7	0.0	0.0
"tt8155288"	864	677	1	2	5	11	10	4	1	2	0.0	0.0
"tt5439796"	777	505	928	1	5	19	43	27	6	4	0.0	0.0
"tt0498381"	2	2	4	6	7	5	2	1	438	1	0.0	0.0
"tt8772262"	3	1	1	2	4	9	19	22	11	7	0.0	0.0
"tt5719700"	777	622	1	2	4	6	4	2	894	1	0.0	0.0
"tt1560220"	450	215	332	614	1	4	10	8	3	3	0.0	0.0
"tt7798634"	753	342	537	972	2	7	12	8	2	2	0.0	0.0
"tt8186318"	207	48	42	47	71	103	193	237	203	656	0.0	0.0
"tt7668870"	689	327	501	956	2	9	29	40	18	12	0.0	0.0
"tt1478839"	171	65	98	163	391	971	2	2	1	2	0.0	0.0
"tt4481514"	989	973	1	3	7	10	6	2	712	1	0.0	0.0
"tt5294550"	591	269	584	1	4	14	25	12	2	1	0.0	0.0
"tt1072748"	792	962	1	2	5	6	4	1	608	1	0.0	0.0
"tt4481414"	318	133	293	536	1	7	23	29	13	10	0.0	0.0
"tt4669788"	843	153	119	261	767	2	5	3	1	1	0.0	0.0
"tt1389072"	3	3	5	8	16	21	15	6	2	2	0.0	0.0
"tt1285009"	1	1	1	3	4	4	3	1	543	1	0.0	0.0
"tt4537896"	322	160	291	735	2	5	6	2	652	799	0.0	0.0
"tt6513120"	463	172	302	640	1	6	13	10	4	5	0.0	0.0
"tt1489887"	2	639	757	1	2	6	11	12	6	5	0.0	0.0
"tt8385474"	162	73	109	192	474	1	2	2	1	2	0.0	0.0
"tt4030600"	2	1	2	3	3	2	1	751	236	758	0.0	0.0
