	movie_id	one	two	three	four	five	six	seven	eight	nine	ten	lower	median	upper	skewness
0	tt4154796	16945	2904	3735	5358	12218	26796	61570	106585	128868	252166	7.732305202420603	9.062292423254803	9.888156016274994	0.23383975578194058
1	tt1825683	18526	5649	7318	12276	27698	64123	130975	134420	70373	83181	6.523246802824967	7.5796347269751525	8.712002472539185	-0.034713706269355805
2	tt4154756	12153	2582	3175	4850	10902	27929	73632	147024	184184	264054	7.822384440635543	8.950611888111888	9.808394305710195	0.13617506873153093
3	tt2527336	33403	11729	14071	17992	31278	57418	99731	103284	62544	57001	5.737551813020307	7.285457881701777	8.475138937299098	0.13085428767076154
4	tt3606756	1428	631	937	2194	6540	20064	55352	70904	35749	26904	6.92241924411042	7.827280548347061	8.709159696774735	0.012862615705989303
5	tt6105098	4946	1906	2591	4152	9542	20843	37913	30384	14490	18418	6.131351053111357	7.254688365468309	8.388485716166404	-0.00463421102531167
6	tt2771200	5012	2097	3270	6009	14028	34104	63826	55910	28259	37000	6.437214109781844	7.443776830758625	8.601923281078594	-0.07002498596722957
7	tt1979376	1201	393	538	1243	3142	9521	27222	43671	28153	21425	7.164508485783557	8.072336333035652	9.048813625546122	-0.03643223372358103
8	tt4154664	25296	5468	6439	10373	22322	54507	101814	79179	32603	42259	5.961720512961638	7.145539906103286	8.244843961151314	0.037017419343063976
9	tt4881806	5085	4346	7858	14232	31233	60129	60304	28480	9582	13361	5.368680562225851	6.407232782850206	7.3801157468824625	0.03264796056717507
10	tt0451279	9711	3940	5867	10413	23277	54789	115553	133531	76648	75557	6.6672349484652065	7.732852296470482	8.824646435653898	-0.012133425326408692
11	tt2283362	2502	1521	2741	5632	16411	47094	89352	57331	20541	21032	6.290594343228436	7.128721237353389	8.07324571348834	-0.05968501962023361
12	tt3896198	4002	1823	3038	6353	16107	49234	124539	159402	84544	64983	6.885013931378926	7.825695411600858	8.748636804504164	0.009519140151395756
13	tt6320628	2560	929	1463	2703	7669	22177	57542	75174	39705	31280	6.896223627958708	7.839984569132945	8.769097091046469	0.007821360892455649
14	tt6139732	4077	1547	2299	3842	8886	21403	42525	38179	17868	20883	6.421658178759987	7.4100646678424456	8.457404594148615	-0.028949301729439925
15	tt1477834	5884	3745	6191	10861	21829	44648	77439	70632	34111	39520	6.176514065579645	7.329969395265952	8.428021293464719	0.02460726343729421
16	tt2250912	6410	2271	3281	6131	16122	47816	129224	142903	60851	47972	6.760897743453229	7.6416030454224195	8.451559799304423	0.041846652820020605
17	tt1396484	7394	3858	5716	9568	21219	48447	100868	111413	56935	46560	6.567340484593727	7.580053494655022	8.508790726266795	0.04325414921638947
18	tt5463162	3895	1652	2399	4560	11969	37286	98447	132581	73650	60920	6.957898666287444	7.903311937607953	8.876513917175831	-0.014483731553005776
19	tt3501632	5632	2015	2881	5142	12228	35281	99389	164783	108587	86016	7.177232892976084	8.09720359503104	9.090443607429988	-0.03829651893043349
20	tt2709692	951	523	950	1853	4694	9433	8859	4582	1654	2634	5.506599173115657	6.464221350577759	7.481572412236144	-0.030242882796164928
21	tt3469046	1243	1027	2151	4848	13677	30685	27072	10819	3311	4818	5.564094834609744	6.3759817500407365	7.279670877659575	-0.05351101314322734
22	tt0974015	10117	5950	10416	18913	38539	70106	83280	50188	21352	38856	5.54271032436596	6.737962295869356	7.9675769108153345	-0.014170941871444675
23	tt3315342	4137	1995	2887	5423	12353	34913	95447	163854	142871	125285	7.396657307196664	8.338719225652104	9.345971190794494	-0.03344256009023452
24	tt4630562	5613	2579	4134	7089	16330	34939	50050	33028	13990	21259	5.8293668965912016	6.975954045954046	8.136558374712365	-0.0060754295984527685
25	tt4912910	1913	856	1336	2386	6681	20332	56582	79805	48202	35713	7.02927609487116	7.9613370089593385	8.924536326293515	-0.01642961886169535
26	tt5095030	2251	1159	2297	4922	14009	42662	96244	67163	20411	17996	6.499496038629225	7.198817588628901	8.070127897800873	-0.10950291003456561
27	tt1727824	3154	1323	2298	4553	10169	24918	59286	103456	93390	93431	7.38687885841514	8.39205072687906	9.440427240603919	-0.021039019891457476
28	tt1517451	4494	1763	2509	4117	10011	25030	55889	76447	52428	54229	6.925938020003937	8.018601122346201	9.166204127565424	-0.024523828973496295
29	tt3778644	6406	2143	3122	6267	15750	40536	79229	56077	19325	17082	6.185717633708308	7.1152355829304925	8.05280685486028	-0.004313303625969869
30	tt1270797	4375	3335	6404	11788	26024	56747	88524	59452	23369	34768	5.9717518106684055	7.050359224617053	8.154183206620466	-0.011554346267899484
31	tt2380307	1920	563	713	1318	3687	12054	39875	84485	84500	80213	7.703610108303249	8.618923076923076	9.535916871330084	-0.0009173277210436742
32	tt5848272	1154	702	1076	2363	6172	17634	35771	25651	9141	7478	6.3686911647952815	7.1840736909787255	8.103660675997038	-0.060061262265461414
33	tt7349950	3060	1833	3025	5565	11696	24161	35061	24436	9891	10725	5.7973490335664914	6.938849433843872	8.019264609592405	0.027492144700702086
34	tt7286456	6318	1536	1893	2743	5911	13741	37387	86011	135359	223011	8.185360012091477	9.249229825870463	9.923896130684136	0.22386852064964408
35	tt4633694	3225	772	898	1389	3441	9913	32552	72417	83262	72661	7.7477664084400075	8.688056976772117	9.534798585210773	0.052348783144185076
36	tt5013056	6878	3092	4309	7088	15663	39039	91863	138168	106287	77624	7.005467380773544	8.057824532453246	9.077758803992962	0.015645907605801625
37	tt6644200	4293	2488	3761	6245	13273	33399	77443	101591	54258	39202	6.76508851671552	7.766504906930732	8.674568727192304	0.04888899578086262
38	tt5052448	5999	2191	3193	5458	12657	34466	97708	143765	77163	49642	6.951309002333484	7.87873613188189	8.742920829931444	0.03529918173382595
39	tt4116284	922	520	911	1872	5448	16659	37925	34123	13177	10081	6.607514831905076	7.409347396176664	8.29041995135246	-0.04708523967781797
40	tt6857112	7044	3083	4294	6430	12454	25437	41744	37651	16460	11711	5.825195581239926	7.084802606362591	8.143940399989376	0.0864559264455835
41	tt3874544	2197	1388	2343	4864	12065	24844	25447	13140	4742	7318	5.569634519401062	6.557885015915432	7.546651445966514	-0.00026096566487585705
42	tt3104988	2324	1278	1900	3366	7755	17851	32350	24874	10671	11420	6.1623858607360935	7.19306027820711	8.244462088928199	-0.009955155805256142
43	tt1485796	2028	1283	2124	3873	8374	18685	37855	49541	34287	51757	6.9249042398626335	8.119315314587917	9.479737218187651	-0.06497913181913353
44	tt1790809	3134	2653	5214	10913	23721	50394	67277	38183	14975	22473	5.779780330991785	6.848402871709499	7.916330565958672	0.00032521887722075746
45	tt5028340	1479	847	1340	2469	5564	11617	16922	12144	5645	6089	5.87272962038392	7.016605602174684	8.146327404479578	0.006225454469071457
46	tt6146586	2474	1310	2279	3574	8152	19847	43335	54046	31876	32132	6.779687319718472	7.843068867261222	8.947099698832977	-0.018754753096691758
47	tt3731562	3171	2497	4624	9214	23435	57357	81567	42516	12505	12440	5.8380668445002355	6.798711488714799	7.620648696961144	0.07781266020223933
48	tt5220122	823	602	1142	2368	6300	13264	11796	5413	1917	3668	5.544349366706876	6.435728287092883	7.43003984401492	-0.054586178259209174
49	tt6806448	2884	1544	2482	4366	9960	21310	27420	25270	10623	13081	5.898826841858282	7.117213712618526	8.261337554412346	0.03143394380046633
50	tt2386490	492	210	412	867	2721	8828	21917	22707	10487	11756	6.799733083907469	7.7092526533668035	8.704419757795366	-0.044966731874278215
51	tt4123430	3012	2276	4348	8555	18841	39710	51921	31579	12111	15063	5.747343238478972	6.826765663219121	7.876801038664936	0.013800249665322471
52	tt1502407	2753	1747	2838	5037	10811	20520	26809	17806	6702	8317	5.629093567251462	6.797064418665373	7.892564304167134	0.03201762882558983
53	tt5113040	419	307	571	1147	3598	8445	9248	4518	1545	2263	5.733658969804618	6.666900951557094	7.568780433820274	0.017090149128694054
54	tt3606752	1025	450	898	1854	5329	13894	20447	11114	4015	5331	5.970220958687203	6.926884139482564	7.893265251034731	-0.005053409739690466
55	tt3450958	2623	1291	2112	3922	9425	24310	54900	62526	28729	20451	6.661917122040073	7.604940344816557	8.445746569427119	0.05730200177805636
56	tt5884052	1287	906	1717	3421	9402	23395	33230	18459	6124	8002	5.916873263517846	6.886503159795366	7.830421474619427	0.013436599770150276
57	tt4779682	3826	3676	6534	12175	24209	34133	23903	9673	3252	6130	4.7340761700194145	5.890692291916913	6.963550600343053	0.03756841178896159
58	tt0448115	3139	1385	2246	4321	11298	29274	58042	48392	18748	19169	6.409151465464235	7.298456290272561	8.270902215242188	-0.04465748176613658
59	tt5164214	6496	2591	3793	7487	18906	41964	41693	19176	6426	8506	5.49928594097112	6.435230197311982	7.376442088600005	-0.002806178353258038
60	tt1677720	3092	1975	3349	6168	13397	33942	75666	93017	49516	41890	6.745552824253958	7.751749680165991	8.720191453267631	0.01911999606188781
61	tt7131622	6452	2683	3462	4737	9146	20651	46514	75906	56504	45319	6.945296039901965	8.053869259347087	9.101364505167776	0.028328401722114045
62	tt2543472	515	216	374	777	2043	6878	21722	38787	24689	23870	7.38227373170058	8.206692964137469	9.253017538174896	-0.11861877657034758
63	tt3371366	10361	6670	9268	13560	22492	24293	16676	8547	3572	9356	3.8613384955752212	5.50191413164286	6.916901535140322	0.07382869528435125
64	tt4701182	1904	1085	1810	3411	8695	21398	34871	22601	7613	8713	6.0196864192915225	7.00894726276849	7.9823569753550725	0.008076307478814146
65	tt6911608	1993	1080	1597	2769	5854	11370	15540	11752	5947	8742	5.796218117854002	7.057207207207207	8.332198774676652	-0.005521524022104874
66	tt5814060	5185	4434	7402	11877	20149	22194	14537	7015	2828	6716	4.220994358844826	5.595588897900333	6.879153195294765	0.03424559902622262
67	tt6343314	1022	417	735	1500	4390	13082	27197	22610	8547	8122	6.527925874177299	7.333363973967717	8.268398938522777	-0.07446071267605493
68	tt5117670	761	384	547	1120	2858	6683	8397	4577	1793	2811	5.771247942540775	6.811123020126235	7.871039982521302	-0.009544699869322656
69	tt3564472	1607	747	989	1629	3260	5979	6652	4361	2035	3906	5.364800613496932	6.70617859290439	8.075728044026599	-0.010391820672693921
70	tt3861390	1308	773	1270	2703	6352	13170	13493	6664	2319	3368	5.534092634776006	6.509931075372415	7.462647298599274	0.011989402117185046
71	tt4465564	12599	5417	7000	9374	12424	11051	7881	5130	2906	10957	2.9526785714285713	5.142264971023825	7.221894429640908	0.025755769825190476
72	tt6823368	3181	2076	3901	7236	16128	34094	48530	32263	12441	12108	5.80701883029272	6.898990315268906	7.928431949911664	0.029475565016143172
73	tt3741700	3086	2375	4207	7053	13486	21816	21827	12832	5319	8444	5.122145187601958	6.417468830216355	7.615628896508728	0.03896699865130616
74	tt1987680	2303	358	434	707	1764	4866	9361	7212	3000	4596	6.133836826962598	7.233735711996582	8.353820022185246	-0.009092602681911548
75	tt3890160	3372	1919	3101	5377	13783	38211	95011	122438	65876	40080	6.831845786277379	7.776139760531861	8.631519825125995	0.0494055633081385
76	tt3513498	607	383	629	1402	3885	10076	13374	7154	2310	2072	5.854009527590313	6.796395992223718	7.648588202404249	0.05025929245605505
77	tt4765284	1195	996	2056	4096	8931	13133	9452	4358	1682	3064	4.936429291232785	6.048808345389477	7.168139018197207	-0.0031149295838278634
78	tt5657846	1213	1025	1887	3743	8313	15245	11975	5359	1799	2727	5.156020690484783	6.186257789439161	7.213027139874739	0.001685822871303064
79	tt7959026	638	434	703	1599	4561	14008	30545	19860	5974	4734	6.415833809251856	7.141185136683582	7.993655589123867	-0.08056621262945872
80	tt3402236	2075	1742	3258	7363	20259	47760	58166	28545	9195	9284	5.755752721943049	6.695414847161572	7.503932387458399	0.07501779565834059
81	tt5140878	1706	1242	2191	4336	10448	22683	29280	16049	5569	7057	5.730007053740687	6.7621072404371585	7.720247367437223	0.03716137151248743
82	tt3766354	870	601	1189	2950	9042	25148	37499	18849	6265	7453	6.009563384762208	6.903557428198085	7.770597909703433	0.01530552726184004
83	tt2231461	2022	1802	3664	7722	18183	34536	29234	12194	4717	10421	5.375199362041467	6.335490502663887	7.370296572484094	-0.03734902179591346
84	tt1620680	7133	3394	4331	5163	5772	4308	2615	1524	796	2135	2.136343547436653	4.221963974433469	5.984041318477251	0.08408744714518782
85	tt4477536	7532	3142	4165	5466	6976	6019	4276	2815	1504	5302	2.7701680672268907	4.97211869266055	6.990586997193639	0.04347490709933298
86	tt4649466	3185	2408	4192	8417	20030	48876	79029	46994	16249	15064	5.968102954415255	6.944317908615824	7.865919053496191	0.02877718728735089
87	tt4575576	514	271	443	1032	2777	8068	16319	15426	6986	7633	6.607987621790551	7.520128354725788	8.483907040062233	-0.027526743365545534
88	tt2066051	1237	446	685	1263	3311	9419	21722	24047	11213	8366	6.687195009667618	7.615253461970308	8.464725329562938	0.0442111078671718
89	tt1856101	6303	3204	4351	6558	13281	29230	64489	106231	95965	73428	7.086658189768798	8.197574154437028	9.215187828895951	0.04383415128180564
90	tt4425200	2665	1668	2599	4873	12650	33866	80593	92532	46147	45726	6.77928914421848	7.745812259542645	8.739305913710533	-0.013760361270129567
91	tt4877122	22523	4045	3592	3762	4343	3591	2538	1439	642	4407	1.064778226701594	2.2213844252163164	5.4761685470872665	-0.47562735803727096
92	tt0437086	1672	908	1618	3179	7776	19778	42536	48089	24879	25110	6.710533430505924	7.714300567697395	8.745297238634993	-0.013382159461134434
93	tt3717490	3148	2208	3830	7055	14663	22036	20010	10663	4129	8488	5.033076450930914	6.281040116173534	7.461144427786107	0.027947880486417505
94	tt6966692	1422	464	605	1197	3338	9918	36406	87120	77080	48448	7.6509354912764005	8.414244719926538	9.265808251167618	-0.05465093274400618
95	tt3411444	419	267	559	1261	3631	9621	12868	7358	2767	3997	5.972923812493503	6.936431457880013	7.966838814895352	-0.03355193754409953
96	tt6450186	492	129	191	249	487	995	1880	2211	1652	4058	6.788829787234042	8.291044776119403	9.739526860522425	0.018210240884692606
97	tt6182908	351	198	336	848	2492	6810	8685	4407	1510	2073	5.896842878120411	6.824697754749568	7.741093714545042	0.0062133179540250875
98	tt6294822	1500	604	923	1785	5355	16636	40686	32205	10138	5267	6.548462616133314	7.255702207147422	8.084854836205558	-0.07935020527394694
99	tt5503686	2115	589	744	1278	2853	6107	7662	4740	1563	2283	5.466526463371889	6.667188723570869	7.7325949367088604	0.059687537535797995
100	tt2345759	6543	5754	10164	17736	33721	41219	26301	9995	3462	6328	4.5032249933276	5.662388704238337	6.719773012432987	0.04591797779195669
101	tt2283336	3680	2156	3590	6863	14902	21239	14414	5403	1616	3322	4.701801771574285	5.848486275248364	6.87871166921049	0.053497441413817896
102	tt6781982	1220	809	1352	2611	5688	7538	4736	2005	721	1554	4.6875	5.82329530379411	6.91332347972973	0.020561885646047256
103	tt1959563	1364	931	1938	4211	11344	30520	57251	37061	13147	12064	6.242783420707733	7.104487257864491	8.03463883867138	-0.03819936751812158
104	tt2316204	6338	4079	7007	12512	26539	54902	67090	34856	10972	11035	5.542940147899895	6.593724847220152	7.470643911164108	0.09019312961338598
105	tt2091256	663	426	720	1506	3183	5663	5641	2781	914	1511	5.2656299088909835	6.38398375419389	7.403208650948414	0.04637440792144629
106	tt8350360	1421	1027	1759	3134	6780	10585	8812	4236	1369	2380	4.947603244837758	6.126405290505432	7.22869382660009	0.03354251259671723
107	tt7054636	640	213	204	273	341	293	237	164	94	440	1.897887323943662	4.850439882697947	7.387130801687764	0.07575937220685536
108	tt6359956	1579	1128	1880	3586	7295	8920	5805	2685	1072	1874	4.607333790267306	5.773991031390135	6.927217915590009	0.005789236098628724
109	tt6133466	3908	1927	3105	5579	10078	10228	5953	2380	848	1880	3.953755153253271	5.33588013494741	6.459865076261243	0.10300427687165127
110	tt2704998	1211	981	1817	3762	10849	33348	63158	38482	11958	10818	6.263943864699533	7.073545710757148	7.9459747414375554	-0.03735198056805744
111	tt7343762	1058	394	546	1043	2557	6258	9293	5955	2073	2445	5.868728028124002	6.925589153126009	7.931150293870697	0.024873657111506388
112	tt6857166	660	424	681	1262	2822	5222	4967	2762	1072	1443	5.315644932671864	6.420815779394868	7.489581236158647	0.01674630020246428
113	tt2119543	876	617	1173	2467	6135	11381	8612	3631	1156	1740	5.203178484107579	6.170064141991038	7.160938225731537	-0.012252997825536524
114	tt5758778	2048	1805	3450	7033	16481	25598	17521	7135	2682	5650	4.9863024088344154	6.042405656691929	7.107114319958907	-0.004057604243132347
115	tt5726086	1279	1121	2250	4477	9543	12634	7887	3365	1240	2418	4.754270145656502	5.851195187589045	6.925573728921009	0.010383854553715455
116	tt7401588	477	235	391	733	2220	7281	18224	17306	6945	7070	6.71309811237928	7.55084941638738	8.43034207789206	-0.024307179605732764
117	tt6189022	759	423	755	1562	3785	8815	10793	5809	1958	2825	5.736755530346001	6.744880941350876	7.710191082802548	0.021695803290817012
118	tt6565702	5521	3123	5183	9621	19578	29547	22986	9761	3228	5663	4.7607390949024415	5.97651199783396	7.069270425476377	0.05328689875675963
119	tt1753383	5826	388	544	1086	2643	6663	12349	10460	5794	13096	6.134136274951223	7.493967122843955	9.221047635484984	-0.11896994174941128
120	tt5580390	7582	3657	5263	8451	18126	41502	85970	88919	43406	26300	6.444894221965207	7.430638594858672	8.35843295583621	0.03028421159716776
121	tt3387520	694	509	1018	2041	4918	9948	9558	4218	1270	1562	5.44997966653111	6.373341375150784	7.302887633396108	-0.003337753270128108
122	tt2557478	3291	2772	4980	9437	19395	25742	16958	6557	2089	3701	4.667594740912606	5.79469349700878	6.828723906121005	0.04306468511102311
123	tt2531344	1715	1098	1628	3295	7983	15942	15574	6825	2480	5061	5.460071401728674	6.446023083678334	7.433591241813279	-0.0008190828145994612
124	tt3014284	442	319	593	1313	3335	6393	4678	1712	502	989	5.22023988005997	6.1469576098858125	7.101111586147926	-0.014586984506952953
125	tt1365519	3002	2154	4040	8512	21273	45174	48744	21515	7046	11798	5.595929074246248	6.550754964713605	7.4393668964385355	0.03591873723393767
126	tt1469304	5793	4732	8016	13958	27646	37654	25229	10847	3861	8708	4.648737611227664	5.847293780209274	6.976990764596298	0.029575471419401568
127	tt4500922	2131	1505	2606	5428	12940	24437	23902	11844	4630	8227	5.484737248840804	6.490915415149159	7.5243583248902395	-0.0133675532935437
128	tt2872518	1713	793	1101	1373	2358	3696	4274	3692	2460	5752	5.273112807463953	7.101778193729527	9.072764227642276	-0.0374562379305035
129	tt5886046	885	764	1383	2873	7404	16424	17813	8338	2743	3113	5.629444715051145	6.5638297872340425	7.430331780160557	0.037694245559067696
130	tt4555426	1337	745	759	1652	4859	15730	45143	47686	18750	10387	6.7587333584387395	7.569181730486935	8.340099819653567	0.02499754728021534
131	tt5308322	1363	1082	1927	3820	9473	24120	31740	15020	4696	5708	5.793211028192371	6.742265280403276	7.545722370173102	0.08307915558282283
132	tt7547410	709	260	429	688	1602	2919	2690	1260	473	1272	5.117665418227216	6.343782117163412	7.473791821561338	0.04079025403826828
133	tt5523010	1121	772	1330	2440	4634	5677	3815	1664	656	1328	4.542350021579629	5.750396336093007	6.92038007863696	0.016005925516570544
134	tt4913966	1097	1012	1818	3260	5593	6243	3970	1784	595	1408	4.349079754601227	5.597709434566715	6.767506297229219	0.03259673838069929
135	tt0837563	1969	1516	2847	5765	12029	17215	12239	5253	1502	2329	4.796699642530551	5.91858844031368	6.962210964948117	0.03614216759731235
136	tt7634968	1695	594	859	1503	2770	3110	2031	948	396	920	3.8715901530272787	5.497111913357401	6.789758739537174	0.11406980929380252
137	tt2854926	1143	858	1691	3632	9724	23186	30513	14952	4627	4872	5.791188648322263	6.7413725297414215	7.543572766185125	0.0844470361646106
138	tt5027774	2342	1205	1702	2736	5993	17571	59023	124918	104124	51177	7.517017163259098	8.259085960390015	9.10123746686643	-0.06317474224866601
139	tt7040874	1361	812	1457	2943	7638	20477	33932	20443	6948	5954	6.050874151487034	6.980210420841684	7.884177958225309	0.01383771302813107
140	tt5619332	1356	929	1491	2675	5292	6792	4748	2336	923	1628	4.6117724867724865	5.8448174322732624	7.046019376579612	0.013081253724822143
141	tt2406566	2510	1456	2751	5431	14225	35045	50977	29042	9700	8173	5.883920673419889	6.857749573336995	7.7440431099786515	0.04705892556050802
142	tt3532216	873	368	687	1588	5462	21042	56792	38378	9823	6376	6.593802824341457	7.216201225524721	8.00106180624316	-0.11544582882365363
143	tt3829266	7337	4970	7371	11749	19840	22838	16243	7345	2435	4551	4.052536386075411	5.546961205009195	6.771147571261467	0.09940312691791495
144	tt1648190	3919	3275	5976	11094	23054	31216	21562	8664	2933	4629	4.708922529712848	5.84735392106612	6.903835451256841	0.03733626986208858
145	tt1563742	1327	689	1086	1810	4140	7126	6041	3172	1189	2367	5.061533816425121	6.260805500982318	7.41578381062738	0.01881421897471198
146	tt5052474	1115	498	918	1959	5566	17677	36850	26691	8448	6560	6.434236578604967	7.189497964721845	8.066801543591472	-0.0747548767553995
147	tt4925292	1927	1090	1705	3236	8503	24067	54119	54725	26484	15312	6.634222731388237	7.517121973503883	8.39043398812243	0.005459039998939162
148	tt6791096	5563	1336	1692	3030	6539	9107	6904	3842	1656	3235	4.204620462046204	5.861480180081256	7.211326767091541	0.10210945129878166
149	tt2452244	1535	1146	2041	4105	9179	14166	11048	4952	1732	2416	4.963340233140865	6.075603557814485	7.139753801593049	0.02210658929556007
150	tt7349662	2904	843	1227	2220	5695	17269	47090	56840	23692	13067	6.7665905712465495	7.6438335679099225	8.3952718156228	0.07724332148165397
151	tt6266538	1679	719	1058	1914	4704	12945	30127	26474	9812	5001	6.519558867461082	7.303183191157434	8.167777819747677	-0.049125939719088955
152	tt6217804	1013	325	314	360	356	282	244	145	86	564	1.4104146100691017	4.034722222222222	6.978483606557377	-0.05737245217031448
153	tt2873282	4004	1979	2798	5358	13010	31414	45304	25925	8865	8210	5.80456961864137	6.8282381246689035	7.7423625843780135	0.05653031477321971
154	tt5664636	395	316	639	1390	3323	4162	2247	840	283	771	4.756244357508276	5.769101393560788	6.744548286604362	0.01881510289322143
155	tt7137846	579	377	644	1217	2398	2674	1668	782	269	663	4.500312760633862	5.657255048616305	6.838279376498801	-0.010300420774461631
156	tt2334871	6659	1808	2430	3780	5431	4742	2831	1418	522	1457	2.1142146017699117	4.658718468053765	6.174926191480388	0.25323052872379603
157	tt6472976	341	163	248	518	1376	3260	6470	5886	3019	4665	6.589721792890263	7.601427115188583	8.89665452136469	-0.12290002234494242
158	tt1413492	1356	572	912	1871	5039	12557	17108	8796	2935	3762	5.816715776061161	6.800853401917232	7.700773078672124	0.04470031191963637
159	tt7958736	956	687	1193	2335	4808	6639	4254	1686	519	891	4.670757071547421	5.8020033137520715	6.819228960977903	0.05307055472298633
160	tt6428676	247	147	287	537	1279	1729	1231	532	231	532	4.867474589523065	6.008386350491613	7.180747359870025	-0.013595131889762302
161	tt2398241	440	306	546	1109	2736	4510	3198	1535	591	1435	5.121527777777778	6.179822616407982	7.330988117573483	-0.042033188314158004
162	tt2568862	419	281	699	1780	6050	18159	25079	10344	3121	3439	5.946817005341704	6.7909805016148965	7.482505283304757	0.09939433462746272
163	tt1259528	777	450	837	1612	4479	12703	26907	17875	5726	5025	6.361430370778557	7.144349054149478	8.03304895104895	-0.0632807117467197
164	tt1213641	2624	963	1341	2498	6485	17977	40965	41222	17106	9572	6.580562675454656	7.439545953863054	8.29355077385862	0.002906300643577776
165	tt1666185	1077	556	798	1475	2801	4441	3726	1785	723	2035	4.83853980721171	6.175861292501689	7.416465378421901	0.037517529772732754
166	tt1293847	5707	3865	5679	9552	16560	16956	10269	4654	1920	5203	4.0067263400335005	5.4287137681159425	6.690354464894342	0.05974998168285983
167	tt2932536	1559	1246	2160	4246	8706	11832	7613	3183	1041	1750	4.686423156443832	5.817021636240703	6.861618284513332	0.0395375248934885
168	tt7784604	6825	3223	4237	6182	11288	21180	38889	44945	28109	19008	6.171222851746931	7.502647680498387	8.540752072290013	0.12378848693522435
169	tt6063050	554	246	323	436	798	1088	1156	800	401	1108	4.711152882205514	6.508650519031142	8.226875	0.022548185892035236
170	tt2296777	636	408	628	1037	1915	1900	1057	442	147	630	4.009161041465767	5.383028720626632	6.571901608325449	0.07218631251806167
171	tt5462602	1399	487	709	1333	3369	10512	29103	36801	16328	8981	6.824588530392056	7.706488954104508	8.44710741555936	0.08707569665238812
172	tt7334528	486	253	435	809	1922	2899	1931	907	323	759	4.863163371488033	6.002587098999655	7.141636457793889	0.00016430684199747852
173	tt4218572	1224	658	1102	2216	5656	14289	23971	16454	5192	2931	6.029585695290083	6.988152350757165	7.873997204327216	0.03942818700746188
174	tt7616798	313	127	232	370	970	2154	2719	1710	713	1459	5.815575673166203	6.947774917248989	8.196052631578947	-0.04876269431508025
175	tt2239822	3120	2569	4223	7823	16261	30859	39657	23538	9376	10607	5.597613338086134	6.731018483495978	7.776690882827768	0.040261415335935906
176	tt4587656	367	127	185	293	621	908	890	674	371	1155	5.185587761674718	6.830898876404494	8.845687331536388	-0.10094734674556438
177	tt5164432	1992	445	611	1036	2792	7601	19006	22806	12901	17897	6.883813006419025	7.941133912128388	9.1996550654988	-0.08687995231462298
178	tt6772950	2181	1914	2874	4617	7410	8003	5233	2459	860	1991	4.023391812865497	5.469635627530364	6.721192432639022	0.07216508445036714
179	tt7083526	632	132	98	182	367	669	777	687	414	1125	5.117847411444142	7.093951093951094	9.147946859903382	-0.019327583460779223
180	tt8085790	565	241	358	716	1399	1617	1113	578	239	591	4.464036312849162	5.765615337043909	7.099056603773585	-0.012091839537126043
181	tt1219827	3923	2589	4493	9434	22949	45467	49593	26395	9116	9639	5.555237864825038	6.559363216582986	7.484886980017341	0.040733617166330435
182	tt4468740	335	129	204	382	1067	3769	11078	16512	9343	7345	7.100740205813324	7.991642441860465	8.943861714652682	-0.03326803819010693
183	tt2126357	616	377	654	1427	3127	4818	3398	1486	537	1023	4.913095618803966	6.025217932752179	7.1116097704532075	0.01170357544793743
184	tt1972591	2906	2122	3661	6635	14494	30234	46872	34812	15663	18511	5.968330356552226	7.095302099334358	8.218387337699644	0.0017272915527960346
185	tt8364368	1005	763	1302	2364	5153	10060	10429	4828	1428	1902	5.348922957500485	6.397614314115308	7.341739380573401	0.0524716120090425
186	tt6095472	294	140	215	469	1049	2453	2611	1394	549	1086	5.6622503057480635	6.695327460743011	7.832855093256815	-0.04812044924987808
187	tt3348730	1633	1518	3049	5417	10836	15986	11649	5179	1965	3903	4.838385935769657	6.007600400350307	7.136299253154777	0.017631479599188416
188	tt4777008	745	306	422	854	1802	3975	7201	5763	2722	4461	6.238050314465409	7.3362033050965145	8.544177075679647	-0.0476213111087627
189	tt1590193	787	846	1719	4149	11499	27029	26879	10453	3134	3659	5.630914943209146	6.464778571164305	7.303099073626251	-0.0026653012821473863
190	tt6802308	1781	1359	1773	2817	4723	5043	3123	1534	638	1255	3.8899538516151937	5.408956171924624	6.6724303554274735	0.09183478690888508
191	tt1961175	1820	996	1725	3570	8143	16060	15628	7181	2443	3783	5.387418641778215	6.397914072229141	7.376487714358843	0.01604860724107909
192	tt4560436	1437	1116	1784	3519	7468	14403	13649	6598	2162	3093	5.296900107123728	6.353329167534541	7.356821012528391	0.025698664098253315
193	tt4244998	755	537	866	1708	4201	9887	13864	7789	3110	4223	5.870992211995549	6.897864974033468	7.93484401078444	-0.00489680253154963
194	tt6722030	434	265	407	751	1504	2046	1405	685	225	489	4.630152925531915	5.863880742913001	7.034697508896797	0.026163395693522072
195	tt6850820	728	558	930	1877	4297	9680	12442	6447	2469	3292	5.7365702479338845	6.764426941006269	7.737009461765162	0.0276310181940641
196	tt1298644	1725	1033	1652	2733	5672	6965	4451	1965	744	1236	4.46377607025247	5.682770997846375	6.8037519658503705	0.04188673899346538
197	tt2935510	2966	1895	2669	3957	7925	15277	22564	17599	7106	4779	5.648736662957387	6.884661407551852	7.943192795045173	0.07731390224476845
198	tt1615160	509	300	610	1410	4552	14673	31052	20341	6532	6525	6.4708307776187555	7.182661342264589	8.078732609016273	-0.1145845464618427
199	tt5083738	2213	1183	1565	2577	5490	13893	33333	43472	23814	11002	6.731437314373144	7.707420868605079	8.507579575039893	0.09899254788922068
200	tt1137450	928	801	1287	2532	6251	14179	15722	7237	2290	3762	5.637403907186685	6.596457193741254	7.470852944917949	0.04617392337374749
201	tt5001718	642	380	714	1425	3484	6523	6922	4055	1687	3122	5.5909857427564	6.68910719445247	7.900863131935882	-0.04919502927716331
202	tt5362988	654	372	582	1184	3596	12863	45503	69001	30187	16005	7.065583587895303	7.865494702975319	8.539926127140822	0.08510891300655661
203	tt1981128	4008	4158	6010	9473	16596	19304	13067	5737	2130	3916	4.230893064499103	5.601248445917944	6.7870016071018595	0.07222002397713326
204	tt6663582	1641	1159	1913	3752	8518	15586	13196	6262	2185	3328	5.194998826015497	6.256255614012575	7.302212791755077	0.007260586966168189
205	tt2798920	5227	3824	5886	9863	21023	44297	67742	53314	22173	12914	5.855390884258528	6.987312154940804	8.003343399482313	0.05395371886454109
206	tt3401882	1272	1087	1896	3419	7244	9980	6368	2624	937	1866	4.706964384318057	5.843537074148297	6.911706972361809	0.031025296099269677
207	tt5719748	1151	806	1444	2751	6334	12105	11132	4712	1414	1720	5.248381749289549	6.268153655514251	7.226351958318362	0.031129692014332046
208	tt4795124	460	281	404	841	1981	3337	2559	1281	470	886	5.074962140333165	6.1841474378184	7.309300508010942	-0.007146532923705554
209	tt5104604	715	353	476	953	2642	7880	23573	40767	24879	16246	7.204280320705893	8.05559643829568	8.962398006350737	-0.031559576994368566
210	tt8097306	656	291	390	547	809	740	534	310	114	466	3.18525641025641	5.173053152039555	6.8927902621722845	0.072301330846081
211	tt6306064	450	281	525	1150	3448	9333	12561	6168	2035	2415	5.900460730740384	6.818127537616432	7.666423476005188	0.03928218116339137
212	tt6398184	407	131	182	263	710	1883	4087	5063	3034	3589	6.808600440420847	7.897294094410428	9.088579433091628	-0.0449967675234766
213	tt4532826	3930	2536	3694	5551	9474	11269	8280	4186	1623	2923	4.077643667807602	5.6373680007099125	6.940277777777778	0.08971267230415282
214	tt1458169	1597	961	1337	2125	4442	7294	6092	3123	1299	2207	4.860029266096353	6.15485330408555	7.337450755088641	0.04529975520304168
215	tt0859635	707	525	829	1483	3041	4949	4704	2568	984	1847	5.113367313383756	6.355425338452212	7.497821003401361	0.041796727081150495
216	tt1255919	5694	2767	2929	3272	3451	2365	1443	720	272	1297	1.6295627032887603	3.718520782396088	5.518816067653277	0.074220619436889
217	tt5690360	5522	3785	3740	3365	2578	1422	743	346	145	851	1.5270145310435932	3.0191176470588235	4.678723816912335	-0.05314673361192016
218	tt2226597	994	658	1241	2655	6692	15279	17113	8382	3072	3968	5.6815236599253875	6.646555250394437	7.548735385349558	0.033660593845965855
219	tt2139881	1188	592	823	1433	3756	9708	18923	12876	4526	3979	6.185929130613927	7.102547164825873	8.038210624417522	-0.010282144179172427
220	tt1620981	395	217	332	629	1230	1793	1488	735	288	607	4.7890243902439025	6.087841606246514	7.299395161290323	0.034761263939680286
221	tt5442430	3390	2357	3956	8031	19110	43142	60431	32008	9687	7777	5.746355060034305	6.747530241101422	7.56247656835791	0.10254206723344697
222	tt5580036	791	381	577	1275	4068	14958	48941	54606	18117	9187	6.830505097975113	7.599979855693514	8.299999084349706	0.0472649290886609
223	tt5478478	491	309	537	1037	2822	8046	18334	15888	6372	4600	6.574560925057271	7.371386495036544	8.271085095669688	-0.060637527266549245
224	tt5580266	1440	229	207	339	761	1963	4826	5686	3087	4345	6.661987152921674	7.7948469926134365	9.05434078393262	-0.0529327896954386
225	tt7424200	519	175	217	436	1104	2561	4084	2556	889	1677	5.930886372510738	7.013467189030362	8.113262910798122	-0.007888146223219823
226	tt8663516	1306	867	1339	2363	4579	7197	6452	2952	924	1717	4.838283468006114	6.110532166180353	7.216212027278363	0.0700478727280209
227	tt4209788	654	278	468	1057	3200	11569	36631	39294	13373	7210	6.805956703338702	7.5766020257545685	8.30021122817733	0.03147798397878989
228	tt8155288	865	677	1157	2390	5664	11309	10850	4858	1627	2391	5.445974576271187	6.39671942700504	7.35520737327189	-0.004055605762251833
229	tt5439796	777	505	928	1973	5927	19251	43621	27873	6817	4004	6.425094800270116	7.106978290273034	7.886574821511857	-0.06685896475880904
230	tt0498381	2840	2965	4323	6271	7785	5532	2742	1162	438	1297	3.20176960444136	4.664226075786769	5.92159255242227	0.07540564170258164
231	tt8772262	3771	1521	1910	2740	4964	9853	19762	22588	11557	7483	6.173018370039582	7.426803967209796	8.389443509828228	0.13135839750470713
232	tt5719700	777	622	1024	2068	4445	6380	4752	2335	894	1233	4.869291338582677	6.021786833855799	7.1484638047138045	0.011328025763203199
233	tt1560220	449	215	332	614	1745	4819	10440	8511	3155	3498	6.525909961685824	7.334770114942529	8.289507695922923	-0.08271581715701902
234	tt7798634	753	343	540	982	2581	7119	12724	8424	2963	2583	6.139696586599241	7.064916692863879	8.000593542260209	-0.005619195141289683
235	tt8186318	208	48	42	47	71	103	194	237	203	656	5.851941747572815	8.308016877637131	9.810594512195122	0.24086414045392995
236	tt7668870	689	327	501	956	2751	9059	29406	40255	18483	12167	6.98852275045909	7.838044963358589	8.608288697722232	0.04894440377006973
237	tt1478839	171	65	98	163	391	972	2195	2753	1596	2127	6.852050113895216	7.9397021431166	9.18311403508772	-0.06681921560952017
238	tt4481514	989	973	1826	3511	7675	10579	6327	2410	712	1079	4.724267100977198	5.78986671708101	6.738304093567251	0.05817283398896217
239	tt5294550	591	269	584	1348	4401	14394	25952	12171	2845	1946	6.120553702931777	6.910893187422935	7.568749486484266	0.09148154340350279
240	tt1072748	792	962	1636	2972	5739	6373	4180	1823	608	1117	4.532845443457048	5.656911972383493	6.7816985645933014	-0.0003201913351281456
241	tt4481414	318	133	293	536	1925	7491	23369	29678	13079	10810	6.979780906328897	7.828559876002426	8.651464179218594	0.015478211020580415
242	tt4669788	843	154	119	261	767	2638	5159	3620	1408	1445	6.242797573919636	7.163888350455514	8.154558011049724	-0.03639518985066053
243	tt1389072	3970	3121	5056	8697	16375	21342	15014	6576	2092	2109	4.514900763358779	5.732265017336707	6.813240975089916	0.05934208326886049
244	tt1285009	1661	1311	1984	3000	4702	4699	3134	1523	543	1188	3.82675	5.332943428328371	6.64414486279515	0.06921003386374464
245	tt4537896	322	160	291	736	2190	5962	6726	2692	653	799	5.740481382086548	6.589875111507583	7.352995837050253	0.053502158453709134
246	tt6513120	463	172	302	640	1894	6014	13185	10587	4582	5680	6.605783086841107	7.4309442548350395	8.441650136960423	-0.10106653099928573
247	tt1489887	2487	639	757	1211	2712	6058	11658	12836	6621	5092	6.277773192472763	7.458268999828444	8.437305235275787	0.09328853099435802
248	tt8385474	162	73	109	192	474	1178	2605	2600	1277	2189	6.702207293666027	7.744807692307693	9.088292873923258	-0.12609974489744122
249	tt4030600	2368	1824	2301	3013	3442	2747	1557	751	236	758	2.7421773142112125	4.497510786591437	5.973152530032763	0.08656573023813215
250	tt7734218	1365	628	888	1285	3143	6181	5782	2517	827	1407	5.085348393254852	6.26079922342663	7.282990314769976	0.06973826687960548
251	tt5816682	429	137	310	673	1994	5939	9416	5262	1763	1748	6.068235393163833	6.962351316907392	7.852575066514634	0.0021812966412433576
252	tt4799050	2437	1883	2951	5250	9685	9910	5283	2175	767	1550	4.109857142857143	5.369850283944244	6.429591321897074	0.08632545269352766
253	tt2274648	3786	2890	4757	7148	11628	12360	8182	3750	1466	2932	3.9605134303301623	5.43468352253182	6.696192862380836	0.07773599123535863
254	tt4131800	375	110	158	275	515	807	829	623	362	1379	5.354854368932039	7.0747889022919175	9.515047135605512	-0.1731467122687426
255	tt4530422	1200	662	1235	2389	6192	15350	22474	12655	3755	3349	5.867247557003258	6.838279789979532	7.693105491900434	0.06364489198986636
256	tt4463894	720	435	710	1495	3446	8029	9863	4695	1609	2258	5.687943704072737	6.6819933083240395	7.552609158679446	0.06619619277600154
257	tt3521126	1199	528	802	1603	4447	14146	36921	37432	13323	8988	6.692905121746431	7.501295682838213	8.298668251763198	0.006861530172686426
258	tt7329656	661	540	816	1266	2134	1827	1114	509	170	508	3.7916666666666665	5.197985004686036	6.453338806787083	0.05671793067326919
259	tt5776858	1173	753	1231	2174	4685	11107	22186	25123	15000	9112	6.5907328946182275	7.617939736496438	8.565066666666667	0.04056047302726119
260	tt6421110	559	406	628	1052	1557	1287	723	397	156	575	3.7300380228136882	5.158317276814387	6.522130013831259	0.02308896597648709
261	tt2072233	854	780	1407	2655	5725	7684	4569	1668	532	1006	4.6788646288209605	5.762753774076002	6.730903917706281	0.056401942327153544
262	tt1308728	1485	952	1391	2116	3602	4633	3469	1559	565	1035	4.1492202268431	5.685085257932226	6.911141539348516	0.11217146131936652
263	tt6003368	1320	462	533	719	847	753	524	303	138	423	1.9015151515151514	4.468011126564673	6.343957503320053	0.15544368246299956
264	tt6324278	653	87	126	203	578	1437	2683	2122	947	1230	6.105080027835769	7.226425642937011	8.340009425070688	0.003472965623508125
265	tt1025100	1872	1012	1706	2788	5730	8422	6601	3002	1039	1967	4.701876090750436	5.9703752077891235	7.1172170883199515	0.050368555260014804
266	tt7690670	580	233	317	474	873	891	756	416	177	596	3.9182489451476794	5.701459034792368	7.315806878306878	0.04970106454466334
267	tt4287320	3361	3067	5245	9634	17546	18796	10719	4182	1380	1847	4.254748806310982	5.445030206314829	6.4565732070653326	0.0811774086944027
268	tt1946502	414	242	295	492	661	625	382	223	100	383	3.506605691056911	5.204236006051437	6.850130890052356	0.015473318702413719
269	tt9024106	2121	239	89	91	133	207	349	549	702	6463	5.803140096618358	9.65341172829955	10.076705864149776	0.801901194985125
270	tt1206885	1173	794	1331	2117	4035	6858	8110	5185	2194	5402	5.462763320941759	6.782552404438964	8.171407907425266	-0.025498516798308505
271	tt0493405	1289	922	1271	2394	5352	10801	9216	4259	1342	2142	5.223281016442451	6.265299509304694	7.282552083333333	0.01202654630164653
272	tt3829920	265	146	237	400	1257	3944	12117	16944	7741	6497	7.00656102995791	7.878186968838527	8.739116393230848	0.0061738370473132815
273	tt6628394	1002	656	1105	2260	6018	17225	34667	28343	9957	5959	6.41477503628447	7.230666051287969	8.116060402921356	-0.04085342646970699
274	tt5109784	15830	5450	6292	8123	13287	20837	31171	32005	18919	17532	5.001731015278091	6.978136729652562	8.315325730354632	0.19290733135347704
275	tt5691024	1205	278	332	319	361	297	190	140	68	481	1.2616182572614107	3.5642633228840124	6.369528619528619	-0.09840036245250616
276	tt5208252	488	197	261	662	2221	6487	8743	3613	934	823	5.851202404809619	6.717145144687178	7.415675397460825	0.10700887000945218
277	tt7388562	331	89	109	235	512	863	1119	871	567	1466	5.80648899188876	7.341823056300268	9.368606701940035	-0.13796556465316373
278	tt7284204	121	65	120	178	395	496	306	106	35	138	4.515189873417722	5.703629032258065	6.810457516339869	0.035556060318368436
279	tt1966359	532	492	854	1640	3649	4427	2497	871	264	472	4.611400383666758	5.654054664558392	6.57188626351622	0.06366925832865011
280	tt5688932	1452	721	977	1785	3629	7373	12936	11594	4950	3066	5.98240200732402	7.141968150896722	8.145959116784544	0.07190712785190685
281	tt1730768	1183	432	316	666	1752	5135	11171	7683	2928	2471	6.295569620253165	7.161041983707815	8.104939476766887	-0.043343890870123886
282	tt5270948	234	95	143	348	1095	2909	3252	1337	381	531	5.729030594706084	6.604089790897909	7.397832103321033	0.04872771467961546
283	tt7752126	1506	1048	1784	3790	7620	13915	13703	6765	2036	2590	5.229822834645669	6.335824649658642	7.332281252280523	0.0521033907126326
284	tt2378507	385	137	234	482	1275	3541	7918	6769	2654	2277	6.545971204849709	7.356529426622885	8.280322056433743	-0.06528921638563658
285	tt8637428	268	63	97	169	375	1186	3298	5049	2977	1742	6.999696785930867	7.927015250544662	8.806684581793752	0.02636937198679422
286	tt2039338	1556	1599	2650	4592	8466	9039	5125	2061	694	1375	4.258765243902439	5.466394991731632	6.496210864033632	0.07947181997512291
287	tt6811018	414	204	387	796	1796	3156	2495	1208	370	542	5.0796213808463255	6.16128010139417	7.21062124248497	0.015165453568914905
288	tt5390504	1093	265	326	641	1570	4884	13065	13784	4641	2522	6.6468618446230385	7.465671641791045	8.243561375507834	0.025627904724529547
289	tt6348138	157	80	128	303	821	2291	3404	1710	559	624	5.949694456569183	6.869712103407756	7.718567251461988	0.04023042187646553
290	tt2328900	1114	571	828	1496	3436	8003	8315	4041	1231	1146	5.512526552542797	6.455329251530676	7.364431749849669	0.01819758415165899
291	tt4103724	235	166	253	467	1076	2062	2763	1888	1118	1906	5.881425800193987	7.118168657256605	8.536225402504472	-0.0682966382952031
292	tt1571234	1856	1705	3106	6152	12833	22145	20783	10412	3488	4356	5.1927452661108084	6.302257846014902	7.333854592695953	0.03639040391613706
293	tt1846589	847	467	821	1592	3609	8466	12404	7798	3061	3425	5.888199858256556	6.938810061270558	7.969543472685304	0.00954998082078385
294	tt6107548	521	202	262	514	1341	3298	4342	2281	774	827	5.727562158884172	6.7402118839244585	7.627794826830337	0.06581656248946806
295	tt5941692	351	144	237	486	987	1429	1036	571	204	477	4.76595744680851	6.029041287613716	7.279440154440154	0.005046771931333696
296	tt7125860	806	294	450	846	2036	4774	8813	8009	3803	2115	6.24455383326351	7.267842959264723	8.24172805593707	0.02473696524218549
297	tt4504044	490	345	615	1325	3100	4746	3594	1531	501	729	4.973870967741935	6.0505689001264225	7.087367835281023	0.018878190851706243
298	tt5177088	1031	594	1059	2150	4853	9382	8886	3808	1108	1345	5.266536163198022	6.290982732892774	7.2419536349313525	0.03719500748958241
299	tt5734576	696	633	1146	2087	3406	3252	1951	811	295	724	4.111044561571634	5.362742219612448	6.515761148129164	0.041035492529854035
300	tt6113488	826	161	175	238	494	743	996	953	662	1586	5.124493927125506	7.283132530120482	9.314954682779456	0.030263128025932468
301	tt5322012	1013	1047	1363	1933	3351	3429	2010	885	320	725	3.8083290222452146	5.300358102059087	6.476961213181686	0.11819761815156106
302	tt4695012	4783	2361	3179	5348	9593	15243	16615	10712	3440	1983	4.7755394558532265	6.2455553368759436	7.368838399037015	0.13370337414164915
303	tt5125894	166	66	87	171	358	503	481	243	100	175	4.772346368715084	6.150099403578529	7.355509355509356	0.06671785087262229
304	tt7014006	772	361	535	999	2358	5640	13041	14993	7452	4117	6.645847711065103	7.595244447408791	8.43343560328153	0.06220985326381069
305	tt4899370	319	80	139	269	978	3063	6533	4525	1819	2207	6.5206643196081435	7.283407316699831	8.288508287292817	-0.13709240064818165
306	tt4364194	239	76	79	145	438	1480	4335	6457	4397	3750	7.167128027681661	8.104924887718754	9.136342961109847	-0.04754240472420946
307	tt4073790	1091	701	1207	2092	4120	5320	4242	2280	1102	2443	4.756917475728155	6.080451127819549	7.423503064592174	-0.007319579301238962
308	tt4622512	762	339	461	1110	3363	10566	17315	7975	1986	1658	6.006222790081393	6.856136298007508	7.529498432601881	0.11590244628320241
309	tt1691916	693	468	830	1825	4765	10029	10894	5969	2442	3300	5.671776847143285	6.683357811639435	7.73575975875356	-0.01977777160283166
310	tt4126476	1927	1016	1286	1879	2870	3057	2444	1760	995	4449	4.134246939861629	6.109584560026169	8.523366834170854	-0.09989352410915359
311	tt5822564	764	298	408	626	1208	1419	1056	543	201	333	3.889776357827476	5.58738548273432	6.896780303030303	0.1291033572570442
312	tt6000478	427	181	390	985	2950	7211	7914	3467	979	1178	5.706282069061157	6.588071771544099	7.399355572403336	0.041643733414127894
313	tt8266310	340	114	140	272	626	1587	2830	2173	906	800	6.1017643352236925	7.141342756183746	8.158996778647031	0.010657229603225637
314	tt2837574	375	239	372	976	2818	7959	11805	5939	1524	1022	5.936895338610379	6.819822109275731	7.538348206768816	0.10265720361868443
315	tt3462710	726	621	853	1564	2809	2675	1507	650	234	507	4.034846547314578	5.322000711997152	6.448224299065421	0.06668271367694274
316	tt1999890	451	388	732	1304	2206	2686	1755	813	259	529	4.427722392638037	5.678890543559196	6.8277777777777775	0.04261606516910531
317	tt3289724	456	290	479	900	1871	3428	3411	1769	624	691	5.22407803313736	6.3644982497082845	7.383978305482263	0.05599340041086548
318	tt5592248	1054	732	1315	2750	6526	12501	12377	5861	1608	1227	5.363737358259271	6.347812175025998	7.274440494465541	0.030065631985744374
319	tt2639336	524	374	631	1241	2799	5063	4326	1868	529	689	5.122007859949982	6.182006715386135	7.170596393897365	0.03485774509697417
320	tt5427194	108	42	83	173	396	755	908	562	240	487	5.680794701986755	6.852422907488987	8.123665480427047	-0.04077758361800395
321	tt4807408	239	37	35	87	207	663	1516	1142	448	519	6.432503770739065	7.277374670184696	8.27561295971979	-0.0832112340421233
322	tt5301662	292	76	84	165	524	1989	5776	4319	1411	1228	6.644736842105263	7.331371191135734	8.192752952072238	-0.1128847502173357
323	tt5461944	973	145	169	329	886	2698	9172	12776	5350	4042	6.929023113824684	7.805103318722605	8.54803738317757	0.08223901602558017
324	tt3750872	285	131	237	481	1327	3860	9884	8484	2749	1634	6.59581141238365	7.331141238365034	8.15994813767091	-0.05976272522296541
325	tt4799066	405	300	410	832	1661	3282	4117	2874	1491	3147	5.811319317489335	7.075540442069468	8.50553319919517	-0.06152875748699329
326	tt2776878	430	90	139	299	957	2776	3366	1511	468	690	5.776116714697406	6.69964349376114	7.496286393345217	0.07376242068131217
327	tt9019352	197	55	53	53	62	57	46	33	14	68	1.3096446700507616	3.7641509433962264	6.532608695652174	-0.0601098298536207
328	tt5610554	609	289	466	983	2791	8005	16284	10699	3090	1957	6.2689256714553405	7.0799250798329645	7.916183755491168	-0.015334128589427379
329	tt2365580	153	72	115	216	552	1138	1495	909	362	373	5.709358523725835	6.798662207357859	7.827557755775578	0.0285186276627291
330	tt5670152	647	530	673	1155	1967	2994	2314	1157	1780	4001	5.160650737163193	6.777873811581677	9.329494382022473	-0.2241382924434079
331	tt4595882	379	183	280	555	1801	6037	13910	9916	2846	1474	6.507925952552121	7.179762760603882	7.9932180314643	-0.09534721474605669
332	tt4761916	907	499	722	1212	2475	3987	3595	1895	681	954	4.86030303030303	6.164283922748934	7.304798331015299	0.06687126137322064
333	tt6476140	1239	1337	1942	3000	5318	5970	4191	2009	769	1203	4.242166666666667	5.6093802345058625	6.840610832736817	0.052332457777570715
334	tt4701724	327	265	454	1067	2683	5297	4311	1555	436	640	5.299757733879985	6.20256749103266	7.122419392252378	-0.009350141310516783
335	tt2924392	204	130	154	207	247	167	111	92	237	836	4.0229468599033815	7.252252252252252	9.786782296650717	0.12054045532265992
336	tt4686844	2078	1611	1875	1261	3264	8822	19802	19111	7566	4005	6.3229143051462255	7.297217452782547	8.197674114384386	0.039389838458555475
337	tt3922818	788	678	1188	2138	4819	9773	11653	6354	2563	3530	5.628926634605546	6.70235132583884	7.74803273528486	0.013091973912198178
338	tt7153766	868	552	879	1760	4028	8918	10518	4941	1333	1085	5.571036106750393	6.54145274767066	7.3705552386385245	0.07852883998189567
339	tt5952138	188	113	185	350	699	781	624	316	118	213	4.586909871244635	5.830985915492958	7.099759615384615	-0.009828544544268715
340	tt1226837	346	134	259	570	1545	4814	11759	11282	4366	3002	6.6574326048133345	7.466961476316014	8.309320156000709	-0.019874118040551825
341	tt5613484	397	158	248	475	1202	3912	9579	10171	4165	2763	6.6957928802588995	7.555451774653426	8.368302035198113	0.027987071826546635
342	tt5804314	664	105	55	64	93	124	139	172	166	707	1.3618222891566265	6.784172661870503	9.69059405940594	0.3020768301234321
343	tt5929750	427	238	347	588	1228	1986	1816	931	354	418	4.893526058631922	6.173967774420946	7.290611233480176	0.06833226388802134
344	tt7365604	125	51	95	194	400	743	770	413	175	326	5.395	6.549350649350649	7.720338983050848	-0.007154950082899378
345	tt7008872	684	186	237	532	1394	4056	8109	5207	1891	1658	6.2286735700197235	7.10278702676039	8.031496062992126	-0.030283391572875133
346	tt3262342	172	110	164	358	1071	3261	8963	14018	8075	7040	7.1328238313064825	8.036239121129976	9.033374613003096	-0.04931212728026317
347	tt5834262	600	504	985	2421	5919	11319	8769	3290	825	996	5.242861969927352	6.1524427952999385	7.067111415212681	-0.0027889796284740974
348	tt1758810	2541	2780	4522	6831	11227	12156	7193	2564	809	1289	3.9589371980676327	5.326756925269439	6.407617637380717	0.11718924629096474
349	tt8695030	2218	1544	2186	3397	5783	6795	5262	2617	889	1156	4.092802472770091	5.617071376011773	6.872909540098822	0.09655410121040951
350	tt5709188	479	363	540	929	1696	1557	1093	515	233	768	4.211786867599569	5.551059730250482	7.017612076852699	-0.04536258478666405
351	tt3201736	83	35	35	54	82	135	118	110	77	238	4.923780487804878	7.004237288135593	9.4512987012987	-0.08097253186961517
352	tt1230168	160	74	107	180	463	875	1163	824	432	736	5.808	7.057179707652622	8.39623786407767	-0.03472572981790174
353	tt7339792	135	59	76	106	234	281	262	181	123	294	4.763888888888889	6.444839857651246	8.3853591160221	-0.07167483738061092
354	tt5360952	962	871	1429	2324	3660	3442	2030	816	327	752	3.883498278829604	5.243306010928961	6.43368680999419	0.06643702258230967
355	tt7026672	385	196	356	682	1775	3598	4009	2155	878	1199	5.615133407448583	6.655774507358443	7.6966357308584685	-0.00010575226733536894
356	tt5721088	505	439	589	975	1209	787	363	133	56	209	3.1320033955857385	4.602977667493796	5.794472681067345	0.1049699464547834
357	tt3892172	407	280	455	891	2262	6055	11993	10232	4140	2182	6.396655656482246	7.258650879679813	8.167489249413604	-0.026452596519068103
358	tt5968394	935	639	960	1658	3364	5256	5109	3774	9514	9599	6.0034246575342465	8.157922628510864	9.43661971830986	0.2550979089955244
359	tt5649144	979	671	804	1334	2962	7280	18659	25052	13184	6610	6.786925880272254	7.742635318537442	8.531117263349515	0.0958768028988175
360	tt4663548	97	31	38	61	152	277	241	183	93	193	5.253289473684211	6.6120331950207465	8.19672131147541	-0.07676223115384909
361	tt0491175	1709	1031	1713	3326	6470	8841	6581	2794	850	996	4.623454404945904	5.828752403574256	6.901648685610089	0.058116955922617314
362	tt6652708	910	120	121	133	159	197	217	191	140	710	1.296153846153846	5.530456852791878	9.396428571428572	0.045471456276916046
363	tt6017942	421	251	490	892	1899	2883	2224	1073	357	669	4.887440758293839	6.064169268123482	7.189410971223022	0.022366408757560966
364	tt6902696	277	156	221	341	782	1475	1690	1041	314	239	5.3171355498721224	6.5094674556213015	7.476331360946745	0.10442221093024469
365	tt3385524	158	74	152	328	1063	3527	8057	6747	2541	1800	6.60050266848703	7.35906665011791	8.237550022232103	-0.07325346466549859
366	tt5437928	320	115	187	373	1036	3339	5350	2871	880	798	6.034965558550464	6.923271028037383	7.754876349703936	0.032966912070095576
367	tt6495770	427	388	660	1125	1799	1769	939	403	136	458	3.989777777777778	5.307115063924402	6.44912379875636	0.07129072111817064
368	tt4669264	495	139	241	514	1562	4625	5376	2190	488	610	5.739783783783784	6.601190476190476	7.356398809523809	0.06569180502621265
369	tt3721964	492	333	615	1396	3578	7027	6091	2274	578	722	5.321827836780324	6.231322043546322	7.138400919389262	0.0013296084513088494
370	tt6423362	211	96	157	225	516	665	528	300	136	253	4.6603682170542635	6.009022556390978	7.343276515151516	0.0053674516517724456
371	tt6951892	687	290	324	448	536	412	288	209	109	464	2.378448275862069	4.750932835820896	6.9453125	0.03899938492551589
372	tt6803212	124	42	55	109	259	401	380	236	132	200	5.096525096525097	6.447630922693267	7.853813559322034	-0.01997499035872663
373	tt3361792	208	123	196	502	1487	3749	5976	3853	1543	1541	6.107762069885303	7.056224899598393	8.056060212821178	-0.026367875828430174
374	tt4353250	226	80	96	152	262	590	1207	1593	959	672	6.544117647058823	7.6917765222849965	8.679092805005213	0.07510279073232315
375	tt6921996	707	705	1388	3108	7591	15037	13583	5688	1943	3611	5.479087076801475	6.376604375872847	7.345523816535375	-0.038255859451918214
376	tt1801552	1310	814	961	1397	2132	2132	1237	551	254	945	3.3420915712799166	5.149390243902439	6.5434518997574775	0.12908169476942413
377	tt7242142	464	166	251	417	992	2313	5166	5839	3051	1992	6.608352690669764	7.595307415653365	8.479491351258778	0.05492419751823045
378	tt3920820	93	12	19	27	48	154	252	212	104	202	6.0308441558441555	7.3273809523809526	8.742788461538462	-0.043832283860371905
379	tt4572792	478	441	620	844	1617	3647	5670	3913	1668	2361	5.860501782286811	7.026014109347443	8.171415793508817	0.008702462662651674
380	tt3881784	329	173	283	654	2095	6858	13768	7683	2270	1766	6.292614464858559	7.0481914584543865	7.857835480931928	-0.03454274401282344
381	tt5989218	423	256	289	473	826	1493	2352	2445	1521	2069	6.015572672471534	7.4836309523809526	8.863740959894805	0.030878888998210178
382	tt5655222	126	92	128	256	819	1732	2125	1122	357	433	5.717378752886836	6.708	7.60204991087344	0.05124041710432506
383	tt4154916	911	1019	1468	2602	4980	6084	3878	1612	634	1235	4.521234939759037	5.70241617357002	6.8231691593604955	0.02625107507675445
384	tt6170804	56	33	76	96	191	155	74	42	22	115	4.020833333333333	5.384816753926701	7.013513513513513	-0.08845360113873107
385	tt7545524	264	108	172	388	1113	3068	4846	2531	780	703	5.972050195567145	6.886607511349567	7.70574871592256	0.05503616118324183
386	tt3722234	300	76	77	97	232	462	613	414	418	1214	5.919372294372295	7.728260869565218	9.696252059308073	-0.042125411570425535
387	tt1412528	479	518	1054	2040	4455	6571	4990	2140	765	977	4.927890011223345	6.024805965606452	7.0761022044088175	0.021236131014178535
388	tt6574272	324	235	325	591	1067	1078	694	343	119	237	4.124788494077834	5.4667291471415185	6.701368876080692	0.04164470275175434
389	tt6512428	114	34	27	49	75	123	108	97	64	231	4.586666666666667	6.861111111111111	9.502164502164502	-0.07458226183346864
390	tt7935892	9	1	1	1	8	6	31	74	35	25	7.201612903225806	8.02027027027027	8.85	-0.006717088908869388
391	tt6511932	1237	693	826	1207	1956	2198	2034	1228	490	679	3.815658657829329	5.661510464058235	7.136184857423795	0.11178270868896566
392	tt6108178	686	246	336	754	1839	4251	5889	3657	1340	1497	5.797047753469772	6.862625233486161	7.874692370795734	0.025755291477945693
393	tt6848602	180	77	88	138	159	124	83	74	18	120	2.59375	4.79874213836478	6.858433734939759	0.03407064880318814
394	tt6053438	926	476	754	1333	2813	5631	9456	9369	4830	2436	6.068993074054342	7.248625211505923	8.260913651403564	0.07634569394677353
395	tt5607096	222	92	189	435	1344	3609	4962	2385	703	532	5.8702549182599055	6.771160822249093	7.500733752620545	0.10508138468716785
396	tt3203528	271	190	315	682	1556	3652	4469	2272	806	898	5.709131982475356	6.699037816066234	7.587257922535211	0.05414212378039974
397	tt5466186	797	300	434	812	1999	3171	2266	932	303	466	4.763631815907954	5.940870387890255	6.984112974404237	0.060345472851957196
398	tt4971344	547	314	525	977	2663	7031	14709	10083	2763	1421	6.244168681553122	7.075124073696377	7.8975751264504614	0.005143526212454328
399	tt5962210	447	288	530	1083	2813	6947	9918	5228	1317	1078	5.824060745645602	6.77389594676346	7.540311782708493	0.10687210740843611
400	tt6212478	385	176	306	738	1973	5725	11385	7840	2437	1500	6.2927074235807865	7.108651734738691	7.966932397959184	-0.025287134471462674
401	tt5702446	93	26	21	51	61	93	82	74	56	149	4.215686274509804	6.597560975609756	9.008928571428571	-0.0061530156190563795
402	tt5649108	532	302	497	1072	2520	5824	8848	5511	1716	1142	5.855082417582418	6.865619349005425	7.750045363817819	0.06655059765741073
403	tt4411596	331	252	492	1042	2851	5160	3860	1382	346	433	5.1735356015433185	6.10203488372093	7.0139248704663215	0.009024881699043847
404	tt6054650	179	28	16	32	54	67	58	103	56	276	3.140625	7.504854368932039	9.71286231884058	0.3280802737969115
405	tt5742374	2072	1284	1999	3519	7214	14596	22258	18184	7591	4200	5.817980953685941	6.984073142240992	8.008455235371756	0.06469379558988714
406	tt1034415	2013	969	1397	2186	3962	7122	10831	9743	5228	4027	5.688500421229992	7.062274951528021	8.231653494816792	0.0803710909626781
407	tt0491203	305	220	461	938	2167	4380	4302	2027	673	830	5.49296262113521	6.427054794520548	7.37314039981404	-0.006378881850513966
408	tt6217608	168	73	109	205	547	1258	2807	3342	1761	908	6.654791592447453	7.626271693596649	8.46244763614602	0.07485061058573045
409	tt7339248	401	197	285	500	1195	2694	4198	2661	856	596	5.803544914625093	6.8619580752739395	7.769541525742202	0.07671921168515172
410	tt7158430	121	48	88	176	522	1510	2624	1715	524	419	6.150165562913907	7.036775914634147	7.920553935860058	0.0015998356844239545
411	tt6938828	291	196	321	595	1585	3671	6434	4539	1678	1381	6.095137564696268	7.072971712775878	8.034313725490197	0.008504712309654053
412	tt1139592	2496	1784	2297	2557	2368	1473	738	724	336	950	2.304232062780269	4.0023464998044584	5.69704684317719	0.001006271745567845
413	tt5770620	141	77	90	198	416	812	704	354	97	93	5.075721153846154	6.2007389162561575	7.213778409090909	0.0523738404575292
414	tt5884230	336	222	361	634	1572	3299	4263	2232	737	595	5.63269172476508	6.6645554773633595	7.500560035842294	0.10485706779103265
415	tt6933454	96	40	66	157	330	923	1495	908	281	254	5.985915492957746	6.943478260869565	7.836453744493392	0.034901890968422195
416	tt4846232	818	468	711	1250	3113	7428	15792	17284	7935	4060	6.55868477710233	7.490469858156028	8.342643485304327	0.04462628733466409
417	tt5639354	592	162	230	405	988	2743	5853	5316	2042	1169	6.4106817353262855	7.291047326157526	8.186982693754702	-0.00876528084503853
418	tt7074886	192	93	172	469	1306	3021	2398	772	156	243	5.4797090352220525	6.221284342932804	7.0685988323603	-0.06654909730504437
419	tt6205872	839	446	511	821	1504	2180	2258	1547	672	810	4.6861702127659575	6.267431192660551	7.585326438267614	0.09084220159331294
420	tt4218696	804	345	535	1108	2876	6164	5825	2224	614	864	5.38586578581363	6.313027255029202	7.218841201716738	0.011646376892359174
421	tt7589322	-1	-1	-1	-1	-1	-1	-1	-1	-1	-1	3.0	5.5	8.0	0.0
422	tt5023260	115	60	95	210	591	1364	1983	1143	486	604	5.93383431085044	6.949067070095815	7.9989063867016625	-0.016758038503914083
423	tt7616148	170	54	79	133	283	685	1162	807	300	268	5.888686131386861	6.9875215146299485	7.982961586121437	0.049370445285910475
424	tt8174450	56	9	7	4	9	18	10	17	23	67	1.4821428571428572	7.2	9.67910447761194	0.3951162412615837
425	tt6333086	96	19	24	64	128	365	460	250	107	96	5.695205479452055	6.735869565217391	7.703	0.03662409187303667
426	tt5319866	118	49	47	42	74	75	58	96	250	426	5.212837837837838	8.734	9.775234741784038	0.5435580184251694
427	tt8267604	454	81	122	211	449	985	3355	8627	9642	9130	7.802190796337081	8.732731798382078	9.59485213581599	0.038167088843993585
428	tt5666304	633	447	726	1397	2934	4529	3536	1476	523	732	4.851141785957737	6.014351954073747	7.075155542986425	0.04604583891609888
429	tt2368254	426	137	177	362	936	2589	4067	2401	816	773	5.9376207029741215	6.921686746987952	7.841107871720117	0.03396131076851599
430	tt5977276	199	131	218	457	1323	2989	2923	1416	497	583	5.619103379056541	6.51744782757441	7.435682517960999	-0.01094928453307913
431	tt6265828	2672	1295	1610	2151	3606	6343	10542	10878	6374	4505	5.682878763991802	7.193511667615253	8.351535208678065	0.13212992000627963
432	tt6133130	433	150	212	385	1070	2915	6085	4616	2019	1861	6.421612349914237	7.273705834018077	8.271122183708838	-0.07857371879378687
433	tt5342904	95	42	48	67	111	128	99	84	64	151	4.0559701492537314	6.13671875	8.413690476190476	-0.045028847820103815
434	tt7137380	734	409	690	1230	2824	5207	4712	2508	774	736	5.170325779036827	6.27299788745919	7.300933786078098	0.03507740962038289
435	tt4975920	127	80	120	317	821	1317	917	337	109	259	5.0566382460414125	6.0596051632498105	7.068157033805889	-0.002776485798518198
436	tt4995790	872	541	692	1166	2645	5913	12563	13408	6240	2880	6.483257229832573	7.42581389795431	8.305340095465393	0.03459253791334186
437	tt7985692	111	39	53	109	271	465	447	265	81	123	5.160516605166052	6.358064516129033	7.450782997762864	0.04577171881315041
438	tt6288124	205	96	161	401	1174	3319	6016	3706	1182	792	6.170683940946068	7.026928191489362	7.882352941176471	0.000478772973089168
439	tt5825380	533	283	570	1272	3095	5884	5561	2673	753	908	5.380452342487883	6.351971447994561	7.3113648624348135	0.00627977235693663
440	tt7374952	69	30	36	52	110	126	91	42	22	126	4.288461538461538	5.936507936507937	7.833333333333333	-0.07017997072246596
441	tt6495094	164	37	41	58	87	92	69	55	35	103	2.0743243243243246	5.310344827586206	7.640909090909091	0.16265920270796788
442	tt2291540	316	212	367	794	1848	3673	3620	1537	383	628	5.395833333333333	6.3581540974680095	7.279972375690607	0.021496548291576906
443	tt3203620	910	604	743	1117	1213	944	597	339	121	285	2.774899057873486	4.551525144270404	6.101430084745763	0.06815542800895832
444	tt4682136	112	74	97	195	431	638	430	177	121	118	4.779002320185615	5.950626959247649	7.0761627906976745	0.02006338181578358
445	tt5779372	179	73	117	194	357	485	363	235	169	321	4.668767507002801	6.17319587628866	7.932978723404255	-0.07822854003646411
446	tt6998518	2889	1590	1927	2673	4293	7213	10716	9925	4862	4501	5.331178662939669	6.939483016050765	8.169093198992444	0.13344100583668006
447	tt5645932	33	6	7	15	14	19	36	32	27	105	5.392857142857143	8.03125	9.8	0.19732576985413264
448	tt6920356	260	134	162	275	439	724	830	801	393	244	5.034168564920273	6.6650602409638555	7.965043695380774	0.11290423743664275
449	tt5208216	302	212	287	529	1084	1789	1927	1136	503	791	5.247232472324724	6.53995848469123	7.755281690140845	0.030861757563230424
450	tt5929754	277	139	221	538	1438	3548	5815	3962	1219	783	6.027621195039459	6.983061049011178	7.873296314992428	0.03532831281386659
451	tt5990474	214	134	199	289	738	1556	3018	3164	1633	884	6.388978149100257	7.422630881378396	8.360856510745892	0.048394010891728505
452	tt4274656	42	21	19	24	35	40	33	13	8	60	3.0657894736842106	5.6625	8.057692307692308	0.040369018653689887
453	tt7048622	192	44	74	107	284	872	2778	4132	2203	1472	7.027897768178546	7.918199419167474	8.788470267816614	0.011377436796215763
454	tt1724970	712	688	1179	2063	3491	3618	2223	1003	323	851	4.20710130877363	5.483529074763678	6.662955465587045	0.0394980194151856
455	tt6957966	319	259	355	656	1282	1763	1333	715	294	658	4.7492199687987515	6.036585365853659	7.318829707426857	0.0019929312240402376
456	tt6018306	270	150	205	472	1431	4009	6831	4277	1344	1113	6.122973310052382	7.014419557897819	7.899462239887772	0.003604619059504817
457	tt5859238	152	90	139	267	754	1977	4488	4839	2020	1281	6.638758912655971	7.52820830750155	8.355187022112007	0.03639574526364457
458	tt8820136	4	1	1	0	0	0	0	0	2	5	1.3125	8.75	9.85	0.7423133235724745
459	tt5737862	123	61	75	162	362	955	1108	532	169	150	5.647905759162303	6.599729241877256	7.433889891696751	0.0658812308306934
460	tt6257174	473	151	210	489	1351	3439	4765	2579	904	921	5.833381797034021	6.820671563483735	7.726250484683986	0.043167730430846304
461	tt8593814	3	0	0	1	0	1	1	6	4	38	8.875	9.789473684210526	10.144736842105264	0.44041450777201907
462	tt6495388	28	7	5	9	14	19	30	32	23	98	5.671052631578948	8.140625	9.823979591836734	0.18931654327373848
463	tt6288250	1501	307	131	204	456	1340	2297	1534	605	561	4.699561403508772	6.730300391815412	7.803780964797914	0.30837329525963053
464	tt2482856	41	16	20	12	4	5	2	6	0	13	1.225609756097561	2.625	4.5625	-0.16126084970306076
465	tt5175450	190	85	199	392	1164	2895	3205	1324	375	456	5.686960276338515	6.56786271450858	7.3701248049922	0.04672172348436315
466	tt7370952	31	6	13	16	27	26	27	15	17	38	3.75	6.076923076923077	8.558823529411764	-0.03222771112679377
467	tt9075778	45	4	7	7	13	11	17	15	15	55	2.0625	6.9411764705882355	9.64090909090909	0.2875199562506065
468	tt5960374	697	427	603	1133	1872	2740	2477	1419	561	544	4.63795405982906	6.049087591240876	7.2600928542591845	0.07632253060692847
469	tt4602066	141	59	134	285	828	1765	1491	616	181	231	5.482789855072464	6.303682719546742	7.228537894030852	-0.05955172664656752
470	tt5686062	563	69	57	106	211	229	202	108	61	222	1.3117229129662522	5.063981042654029	7.173267326732673	0.2802967493943148
471	tt1781058	217	202	384	741	1839	2632	1877	790	273	297	4.918162044589451	5.97226443768997	6.9922749067661165	0.016436870262013712
472	tt5160938	276	105	188	376	868	1415	965	410	137	281	4.8574308755760365	5.992932862190813	7.057253886010363	0.03235758625016475
473	tt0460890	206	138	244	477	1131	2147	2556	1490	538	594	5.585817419655333	6.663341158059468	7.662248322147651	0.03786139679465802
474	tt9896916	49	11	10	15	17	8	15	22	31	94	3.3	8.0	9.77659574468085	0.4513797634691197
475	tt9376172	49	11	10	20	27	38	54	54	67	331	6.689814814814815	9.501510574018127	10.000755287009063	0.6984272491857434
476	tt2690226	30	14	17	28	66	121	180	127	57	53	5.650826446280992	6.891666666666667	8.001968503937007	0.05552126579942801
477	tt4513316	142	43	37	105	283	698	1004	595	192	234	5.81984240687679	6.857071713147411	7.815546218487395	0.03946216892128824
478	tt3294746	103	40	52	73	175	381	484	363	168	267	5.7191601049868765	6.973140495867769	8.24793388429752	-0.00823047032484362
479	tt5805752	145	77	143	242	608	1755	4099	4230	1797	1137	6.643510612344475	7.511229314420804	8.3524231678487	0.015521478008339164
480	tt5176580	31	8	21	22	27	52	77	69	21	43	4.898148148148148	6.818181818181818	8.083333333333334	0.20560253699788578
481	tt6040662	150	71	101	282	701	2034	2777	1666	528	448	5.934857423795477	6.874504861361181	7.771608643457383	0.023162448465576073
482	tt7689906	203	19	27	85	212	302	263	167	61	140	4.668632075471698	6.140728476821192	7.493346007604563	0.042297688699367515
483	tt6303866	353	161	297	597	1203	2431	2777	1508	494	440	5.461970074812967	6.531868923298523	7.455617572920418	0.07330794385787859
484	tt2062700	1069	767	1041	1644	2548	2919	2735	1853	849	1013	4.249695863746958	5.89397053785543	7.355758683729434	0.05875171843288644
485	tt6483364	155	88	141	309	720	1238	1048	459	689	854	5.509894991922455	6.690362595419847	8.67089985486212	-0.25310611360491025
486	tt7984734	347	200	172	256	487	993	2320	4573	4483	4450	7.411745689655173	8.454624972665647	9.473176444345304	0.011801420579112872
487	tt6261048	35	14	10	16	16	32	35	38	35	124	5.359375	8.013157894736842	9.784274193548388	0.19947722135958412
488	tt7461200	399	124	178	296	557	649	546	250	110	197	3.9239864864864864	5.6525423728813555	7.006410256410256	0.12155629168251401
489	tt7681824	110	25	48	88	227	488	819	710	309	235	6.046618852459017	7.163614163614164	8.189084507042253	0.042719456216842894
490	tt5431890	140	50	52	89	279	989	2745	2589	946	808	6.708652094717668	7.499817850637523	8.33864426419467	-0.029239807730232308
491	tt4068576	273	103	107	174	354	845	1820	1849	889	721	6.414497041420118	7.440384615384615	8.406030286641428	0.03024900681534429
492	tt5226984	154	39	36	139	306	865	1479	1020	370	286	6.077456647398844	7.04631507775524	7.992647058823529	0.011761989384309293
493	tt4986134	142	41	93	213	563	1565	2175	1152	457	543	5.937060702875399	6.893103448275862	7.861111111111111	-0.00621860912976708
494	tt6343058	61	16	27	66	197	448	825	487	138	158	6.032924107142857	6.9806060606060605	7.863963039014374	0.035130315328218184
495	tt4217392	565	358	587	879	1677	1620	1001	416	186	757	4.070534698521047	5.4743589743589745	6.848151848151848	0.010811929948317762
496	tt8769848	57	31	26	72	145	187	119	72	31	56	4.589655172413793	5.858288770053476	7.163865546218488	-0.014351266276161612
497	tt7778680	96	34	37	78	169	362	635	543	245	310	6.089088397790055	7.253543307086614	8.366942909760589	0.02241376977953604
498	tt6705860	39	11	14	31	60	128	179	118	60	48	5.6328125	6.840782122905028	7.9576271186440675	0.03919651331990374
499	tt4064912	31	6	6	10	11	7	6	12	19	66	3.55	8.333333333333334	9.840909090909092	0.5207129094412332
